location,latitude,longitude,status
נחל חצץ,30.890481,34.8720074,success
איזור חורבת כרך,32.677312,35.071428,success
חרבת קנובה,31.873511,35.012192,success
קרני חיטין,32.7962185,35.4696256,success
מצפור המוחרקה,32.672635,35.088203,success
אזור סלעית צור נתן,32.02456,34.80623,success
אזור סלעית,32.2428207,35.0508118,success
נחל כלח,32.7426832,35.0239552,success
נחל רקפת,32.658332,35.0697829,success
נחל אורן,32.706684,35.0512687,success
פארק בריטניה,31.6888919,34.927992,success
נחל מערות,32.67120145,34.96521595772596,success
להבים,31.3703233,34.8136886,success
יער יתיר שביל החלמוניות,31.328255,35.030879,success
ראש פינה,32.968215,35.5438245,success
נחל צביה בעמק  בית שאן,47.16498,9.50867,success
מערת פער,33.0310083,35.3859111,success
הר הקפיצה,32.6823736,35.3012298,success
רכס בשנית,33.046012250000004,35.847715687298056,success
מצד עתרת - הירדן ההררי,33.004663750000006,35.627800526492045,success
שמורת אלוני אבא,32.728581,35.170717,success
חוף השרון,32.2167746,34.8224118,success
תל מלוט,32.0123111,34.7947405,success
מעל גב קינה,31.197531,35.167225,success
פארק הרצליה,32.168143349999994,34.82259859205291,success
נחל גובתה עליון,33.275262,35.753224,success
תל צרעה,31.7746235,34.9850863,success
עין כנף,32.8630791,35.7128601,success
נחל כנף,32.8568974,35.7062747,success
מצוק שילת,31.9249571,35.0123101,success
חורשת הארבעים,31.959353,34.899352,success
גן לאומי אפולוניה,32.193280200000004,34.806387604704966,success
הר כפיר,32.950183,35.4089091,success
מירון,32.9886409,35.440278,success
נחל מורן,33.0117511,35.3745124,success
בית ג׳ן,33.3144869,35.8794078,success
הר הלל,32.9596126,35.4152454,success
שמורת אירוס ירוחם,31.02103115,34.97414100421804,success
שמורת מתת,33.043460499999995,35.372874893663834,success
איילת השחר,33.0215976,35.5759521,success
ירידה לנחל יגור,32.934427,35.222186,success
נחל לוץ,30.4277684,34.3511152,success
קבר שיח מרזוק,32.348679,35.024841,success
בורות לוץ,30.5137272,34.6085472,success
גבעת הדקטלוריזות,32.166904,34.875428,success
תל ערד,31.2799119,35.1255017,success
נחל סלעית,30.7227642,35.1820952,success
פארק יקום,32.24868,34.84219,success
נחל דישון,33.0456624,35.6001998,success
הגלבוע - מלכישוע,32.438721,35.413463,success
הר יונה בנצרת עילית,13.36667,-81.36667,success
מלכישוע,32.4385275,35.4130069,success
דרך נוף הגלבוע,32.498881,35.498884,success
נחל קטלב,31.7403928,35.0753482,success
נחל אל על,32.8575532,35.7982904,success
אלוני אבא,32.7310157,35.1713637,success
הר הנגב,32.4300623,34.948799,success
עמק המצלבה בירושלים,31.770274,35.208758,success
אזור תל ערד,32.0377129,34.7484665,success
חרבת עתרי,31.649253,34.972181,success
כביש בית שמש-מערת הנטיפים,32.040629,35.051832,success
כביש גישה לאחוזת יערות הכרמל.,32.065053,35.05972,success
קניון הבזלת ליד בית שאן,47.16498,9.50867,success
"קומראן, מצדה, עין בוקק, בשולי כביש 90",32.990341,35.563401,success
נחל בוקק,31.1976368,35.3562244,success
רמת בית שמש,31.71441825,34.989969839768094,success
נחל שלף,32.5933529,35.0628153,success
יער ראש העין,32.09783675,34.97289273980424,success
יער קולה,32.027982300000005,34.965530614933094,success
חורשת אוסישקין כפר סבא,32.1699115,34.90514813988519,success
ראשון לציון,31.9635712,34.8101149,success
גבעת המורה,32.6176829,35.3489433,success
תל שוכה,32.4973702,35.4587227,success
מכתש רמון,30.589147,34.8011055,success
גבעת חומרה,31.9351422,34.7430801,success
נאות קדומים,31.9497499,34.978905729233745,success
מנזר לטרון,31.8329029,34.980116,success
שמורת נוב,32.8339043,35.79435270435268,success
גבעת הרקפות,32.560220650000005,35.083585496381104,success
כביש 70 ממערב לצומת אליקים,32.63196,35.06694,success
מנחת מגידו,32.5941887,35.2369156,success
שמורת אירוס ביצות נוב,32.8339043,35.79435270435268,success
ליפתא,42.8416594,21.220024387537823,success
כביש 5504 מאחורי נ יר אליהו,31.887091,34.778587,success
בתרונות רוחמה,31.4932566,34.72409162992783,success
הרי ירושלים,32.0615639,34.8752828,success
אור הנר,31.5575591,34.6000531,success
יער שוקדה,31.42626125,34.512432283971634,success
"נחל רמז, חיפה",32.7854179,35.0110095,success
"נחל זיו-רמז, חיפה",32.792761,34.995336,success
נחל דליות רמת הגולן,32.8825461,35.6327678,success
גמלא,52.52654065,31.01782346394522,success
שמורת דליות,33.268962,35.580905,success
שמורת נוב רמת הגולן,32.8339043,35.79435270435268,success
יער בן שמן,31.93594675,34.959798275046644,success
נחל חלילים,31.8047578,35.1629682,success
עין תלם,31.57194875,35.04272417141445,success
תל בית שמש,31.75063325,34.97492013767918,success
שמורת פורה,31.4966619,34.77526576532519,success
שמורת בני ציון,32.22110185,34.85727859864973,success
"שמורת נוב, רמת הגולן",32.8339043,35.79435270435268,success
נחל תבור,32.6640052,35.3942596,success
פי גלילות,32.13655705,34.80366518770497,success
גבעת האירוסים נס ציונה,49.87112,11.49929,success
חרבת מדרס,31.655938,34.937469,success
גבעת ההגנה,32.7431821,35.0360973,success
שמורת חוף השרון,32.258571149999995,34.83969439639287,success
בתרונות בארי,31.4431127,34.48803970839868,success
שמורת חרבת פורה,31.493585,34.779133,success
שמורת בני ציון-חרוצים,32.22110185,34.85727859864973,success
נחל רכש,32.658249,35.472805,success
ליד סעד,31.780567,35.197046,success
שמורת האירוסים נתניה,32.2846485,34.84027330967959,success
עוקף גן-שמואל,32.450608,34.952227,success
חורשת טל שחר,33.22075,35.629502,success
יער שחריה,31.602075,34.810798,success
פארק קנדה,31.528257,34.58600953590853,success
חרבת נקיק,31.486707,34.892134,success
יער אייל,59.53259085,-1.631043382694672,success
חניון סטף,31.775476,35.126925,success
בית לחם הגלילית- אלוני אבא,31.07646,102.782593,success
פארק קנדה.,31.528257,34.58600953590853,success
נחלי פיראן תלכיד,32.27956,35.543594,success
נחל יצפור,32.493536,35.412918,success
סוסיא,36.2612592,44.4445854,success
מצוק הארבעים,32.7569869,35.0297856,success
גבעות ליד מיתר,31.358411,34.754407,success
לטרון,31.8303661,34.9645653,success
חניון להבים מזרח,31.997944,34.879554,success
חלמוניות ירוחם,30.9742603,34.8878136,success
יער בית קשת,32.75539255,35.368854419431216,success
מתלול עמינדב ונחל צביה,32.462888,35.435814,success
חי בר כרמל,32.75346265,35.011023591304806,success
חורשת ה-40 שביל המצוק,31.825424,35.131148,success
הר ברקן,32.5100616,35.4087714,success
העמק הנעלם,29.670227,34.94473,success
שמורת רכס בוקר,30.9115519,34.75681754243247,success
מתחם מערות אפקה,32.129475,34.80927,success
רכס חזקה,32.750217,35.101963,success
נחל גלים,32.7545345,35.001596,success
תל יודפת,32.085842,34.7747243,success
כביש החוף באיזור מושב הבונים וחופי חיפה,32.792761,34.995336,success
חוף פלמחים,31.9261198,34.6969544193624,success
שמורת אודים,32.266101,34.848272,success
עין צור,32.5501747,34.9517097,success
אזור התעשייה בראון,31.853941,35.218951,success
"חורבת דרבן, ליד שביל ישראל",31.526826,34.784226,success
שמורת הר מירון,32.9835633,35.38390524459416,success
נחל קינה ליד ערד,46.179621,21.318097,success
עתלית,32.6927638,34.9402221,success
חוף עתלית,32.6927638,34.9402221,success
נחל מירון,32.9784666,35.4300022,success
ליד לטרון,31.832903,34.980116,success
שביל ישראל באזור נחל עמוד והר מירון,31.68755,34.98272,success
נחל עמוד,32.9361657,35.4762685,success
נחל לוטם,32.8158978,34.969233,success
צומת מגדלים,32.115444,35.257101,success
נחל מעפילים,32.7387811,35.0664918,success
שביל האירוסים,32.2226538,34.8190989,success
בעליה להר עצמון (שביל כחול),32.844817,35.243693,success
יער חדרה,32.42835475,34.89551317023739,success
ליד מלכישוע,32.438721,35.413463,success
"הר יונה, נצרת",32.7229623,35.336229,success
נחל חרמון תחתון,33.118963,35.567277,success
מצפור שמיר - ליד מעלה גלבוע,39.38871,-77.12359,success
הר הטייסים,31.306353,34.620874,success
שמורת ירוחם,30.9873582,34.882551185305005,success
שמורת להב,31.39514495,34.86018076468868,success
יער אמציה,31.50706125,34.88529401002703,success
נחל אדוריים,31.5382596,34.766019,success
פארק כפר סבא,32.17770745,34.92467105353471,success
באר-שבע,31.2457442,34.7925181,success
כוכב הירדן,32.59561265000001,35.52152773951076,success
נחל חיק,32.7220867,35.0438053,success
כביש 672,32.705854,35.063061,success
חניון אליקים,32.631215,35.067032,success
"גלבוע, הר ברקן",32.5100616,35.4087714,success
תל שוכה - עמק האלה,32.497337,35.458722,success
חרבת בורגין,31.635498,34.969185,success
הר אודם,33.1987495,35.7541656,success
עמיקם,32.5638651,35.020477,success
נחל אוג תחתון,33.118963,35.567277,success
הגלבוע,32.0684171,34.7788417,success
יער אודם,33.2282263,35.74726371947365,success
גבעות חומרה,31.935142,34.74308,success
שמורת שער פולג,32.258571149999995,34.83969439639287,success
יער נתניה(חורשת הסרג''נטים),32.304782,34.878884,success
גבעות נס ציונה,31.93079065,34.78203578840434,success
הסנפיר הגדול - המכתש הגדול,30.933413,34.973632,success
שמורת האירוסים בנתניה,32.283726,34.839232,success
נחל אלכסנדר,32.2377697,34.988006,success
שמורת נחל פולג,32.26521525,34.835123212048224,success
סינגל גברעם,31.59176,34.61224,success
גברעם הישנה,31.59176,34.61224,success
נווה ירק,32.1333242,34.9242354,success
מורדות הר תבור,32.68711,35.389618,success
הר תבור,32.6871101,35.3896182,success
יער חניתה,31.8982809,34.9860362,success
גברעם,31.5909454,34.6115031,success
יער להב,31.3667888,34.838522471143925,success
כרמל,35.942,46.2955,success
שמורת אלוני קדימה,32.287287,34.92101515573307,success
שמורת בני - ציון,32.22110185,34.85727859864973,success
נחל שקמה,31.5502831,34.6275755,success
שמורת הארבל,32.8228324,35.490252572377415,success
גן לאומי חוף השרון,32.23806465,34.82370410847737,success
שוקדה,31.4216668,34.5253818,success
"מערות אפקה , תל אביב",32.12957675,34.8093187284602,success
בית דגן,32.001945,34.8301626,success
נחל השופט,32.6210633,35.0837194,success
מערות אפקה,32.12957675,34.8093187284602,success
"חורשת הסרג'נטים , נתניה",32.306781,34.877867,success
מערת קשת,33.0765348,35.1950297,success
שמורת ביתן אהרון,32.3676753,34.873920672704315,success
הר הקפיצה -נצרת,32.6823736,35.3012298,success
תחילת נחל תקוע,31.603361,35.303907,success
"הר ברקן , גלבוע",32.5100616,35.4087714,success
חניון חורבת רקית,32.714344,35.012905,success
חורבת רקית,32.714344,35.012905,success
רמת הנדיב,32.5544052,34.946476,success
נ.ג. 431 ליד חיננית,9.82675,12.6238,success
נחל דימונה,31.116241,35.1196072,success
תל שימרון,32.7038969,35.2141406,success
הר תבור לאורך שביל ישראל,31.526826,34.784226,success
הר שוקף,32.7082744,35.0261585,success
שמורת/פארק יקום,32.283726,34.839232,success
"שביל נורמן, כפר ורדים",32.9876391,35.2770468,success
חוף הבונים,32.655252250000004,34.92743092826993,success
שמורת הבונים,32.636368700000006,34.922035374689074,success
נחל ציפורי,32.736164,35.2681185,success
נחל אביב,33.0796906,35.4717116,success
שמורת נחל תנינים,32.5443133,34.904841665861575,success
אזור מעלה רחבעם,31.6478254,35.2584907,success
יער להבים,31.3667888,34.838522471143925,success
עמק המצלבה,31.7725777,35.20704073418447,success
יער המכללות,32.04977,34.959024,success
"""עמק החלמוניות"" ליד להבים",31.37284,34.81619,success
הר חוזק,33.0540042,35.8504436,success
הר ברקן בגלבוע,32.510062,35.408771,success
איתמר,32.1744995,35.3083649,success
יער יתיר דרך החלמוניות,31.328255,35.030879,success
רכס בוקר,30.9315468,34.7720472,success
"יער יתיר, שביל החלמוניות",31.328255,35.030879,success
תבור,31.7823378,35.2134025,success
מצוקי דלתון,33.016769,35.485664,success
שביל החלמוניות ליד ירוחם,30.98822,34.93176,success
רמת הגולן הר חזק,32.086795,34.955516,success
יער יתיר,31.30701715,35.00383048451368,success
מבוא חמה,32.7363463,35.6556132,success
רכס בשנית.,33.046012250000004,35.847715687298056,success
ליד ירוחם,31.259654,34.801581,success
"שביל האלות, פארק בריטניה",31.6776889,34.9301694,success
הר כמון,32.9089197,35.3617229,success
כביש 40 ליד רמת בקע,-0.9896,119.8631,success
שלוחה צפונית לקיבוץ בית אורן,32.723448,35.248979,success
תל חפר,32.372325000000004,34.90767109136388,success
הישוב קדומים,32.217751,35.160783,success
שפך נחל שורק,31.9385301,34.71772185952775,success
במורדות העופל,31.7757,35.236565,success
פתח תקוה,32.0877639,34.8859985,success
נחל המערה,32.081393,35.37941,success
נחל דרגה,31.6503637,35.3140851,success
לאורך חלקו המרכזי של כביש 6,32.021531,34.965594,success
"נחל עמוד 2 ק""מ  אחרי בריכות שכוי",32.960202,35.506128,success
הר מירון,32.9977837,35.4137268,success
"נחל כלח, מהגשר בשביל הכחול לכוון בית אורן",32.723448,35.248979,success
חורבת עתרי,31.64922765,34.97213232300371,success
קרן ברתות,33.09071,35.562939,success
נחל כזיב,33.0478014,35.1252673,success
חירבת צונם,33.063843,35.272072,success
כזיב תחתון,33.050339,35.102246,success
 מיתר,31.328000850000002,34.938940591635784,success
כניסה לישוב שערי תקווה,49.016284,14.612283,success
הר הילל,32.9596126,35.4152454,success
קיבוץ איילת השחר,33.024485,35.576114,success
אזור הר הילל,31.392127,35.113492,success
יער אילנות,32.3049286,34.87733449298601,success
קבר שיח מזרוק,32.348679,35.024841,success
שמורת בני-ציון,32.22110185,34.85727859864973,success
נחל גוונים,30.5889756,34.9022104,success
נחל כרמילה הר כרמילה,31.785382,35.026815,success
שביל הפריחה ביער ראש העין,31.61044,72.81433,success
מגדל צדק - ראש העין,32.0808063,34.9571024,success
יער ירושלים - שביל הארז,31.777649,35.172435,success
שביל הארז - יער ירושלים,31.744974,34.974821,success
נחל תבור תחתון,32.6177889,35.493208106759724,success
יער דודאים,31.2932096,34.81061013565163,success
תל שכה,6.6771067,100.1012395,success
חרבת סגמה נחל אלכסנדר,32.385924,34.8646,success
מגדל צדק,32.0595521,34.7669697,success
ליד נס הרים,31.744591,35.055402,success
לאורך כביש 6,32.021531,34.965594,success
שמורת תל יצחק דרום,32.243227,34.864888,success
הר חרת,-41.2376222,174.9012784,success
עין צובה,31.7828885,35.1294126,success
נחל קטיע בנשר,32.766,35.027878,success
חל קטיע,32.766,35.027878,success
ענתות,31.8094414,35.2334628,success
נחל סער,33.2506255,35.773117,success
כפר יהושע,32.6820586,35.1522509,success
כביש 6 צפון,32.7147088,34.9704387,success
שמורת חוף הבונים,32.636368700000006,34.922035374689074,success
שמורת פולג,31.9278459,34.786653,success
עמק לבן,31.749149,35.15953,success
נחל תאנים קדומים,32.296022,35.027039,success
יקנעם עמק השלום,32.6435656,35.0936595,success
אור הנר - שביל נחל השקמה,31.557559,34.601193,success
עמק המצלבה ירושלים,31.7725777,35.20704073418447,success
סטף,31.7692474,35.1261613,success
יד מרדכי,31.5886771,34.5589997,success
בית גוברין,31.5979099,34.8976497,success
למרגלות תל נגילה,31.502582,34.758227,success
שמורת נחל עיון,33.2689616,35.580905,success
שמורת נחל עיון והבניאס,33.268962,35.580905,success
שמורת הר חורשן,32.585244700000004,35.00362808244369,success
נחל מודיעים,31.9300912,35.004805,success
נחל אביב דישון,32.91637,35.270723,success
נחל מערה,31.726745,35.0279649,success
אגמון החולה,33.1032024,35.6074413257036,success
חניון תחתון נחל מערה,33.118963,35.567277,success
בית אורן,32.730556,35.005556,success
פארק איילון-קנדה,31.833283,35.024848,success
תל אנפה כביש 918,33.17709,35.64465,success
גבעת גד,31.7562063,35.2180612,success
דרך המשלטים,31.786446,35.190194,success
הר חורשן,32.5877185,35.0003016,success
פארק איילון - קנדה,31.833283,35.024848,success
מערת כבארה,32.5582186,34.9369145,success
עמק הצבאים,31.760216800000002,35.1954913045361,success
יער להב  חניון חלמוניות,31.379542,34.835299,success
נחל ארדון,30.6257894,34.9465278,success
יער יתיר - שביל החלמוניות,31.328255,35.030879,success
רכס ירוחם,31.0480404,34.9479887,success
שמורת חלמוניות ירוחם,30.9873582,34.882551185305005,success
רכס הבשנית,32.750217,35.101963,success
נחל אבליים,32.825162,35.152451,success
יער עין-זיוון,33.094382,35.798286,success
הררית,32.8457853,35.369171,success
תל חדיד,31.9636107,34.9515526,success
חורבת קרתה,32.95788,35.83259,success
נחל שיח בכרמל,32.801215,34.973442,success
נחל תנינים,32.536581,34.929293,success
מושב נחלים,32.06012,34.91069,success
שויצריה הקטנה,32.018446,34.739008,success
חוף דור,32.6050313,34.91769622433469,success
נחל גלים-כלח,32.743277,35.023566,success
יובלים,32.8775051,35.2705626,success
חניון כרמייה,31.334557,34.944987,success
נחל קדש,33.1140049,35.5725281,success
נחל חזורי,33.2546852,35.7280666,success
נחל צבעון,33.0263584,35.4119713,success
יער מסעדה,33.2282263,35.74726371947365,success
שמורת המסרק,31.7942231,35.04166071038583,success
הר שאול,32.535533,35.3754365,success
אחו בנימינה,32.514553,34.949629,success
פארק איילון,31.712722999999997,34.99510768983622,success
חורבת בית לויה,31.5639305,34.928463,success
חשמונאים,31.9311703,35.0223882,success
עין אילה,32.683333,35.533333,success
צומת המפלים,32.9862511,35.7505475,success
מג''דל שמס,33.2684288,35.769371,success
מול בהד 1,30.650798,34.796938,success
שביל המצוק בסמוך לאוניברסיטת חיפה,32.792761,34.995336,success
שביל המצוק ליד אוניברסיטת חיפה,32.792761,34.995336,success
שביל המצוק מדרום מזרח לאוניברסיטת חיפה,32.792761,34.995336,success
הר עצמון,32.8237648,35.2668953,success
דרך הבשור,31.25832,34.4873818,success
חניון הרועה,30.9376878,34.87134106590909,success
הר צרור,30.860293,34.821201,success
נחל חשמונאים,31.9319361,35.0227999,success
קיבוץ יקום,32.24868,34.84219,success
כביש צומת יששכר עד צומת נעורה,32.554565,35.383346,success
נחל כרמילה,31.7854802,35.0268822,success
נחל ספונים,32.7397426,34.983897,success
שמורת שער העמקים,32.7343433,35.11993803445249,success
עמק האלה,31.6754074,34.9965412,success
"ההר העגול, עמיקם",32.5645376,35.0315376,success
היישוב דֹלב,31.743421,35.145835,success
יערות הגלבוע,31.895502,34.982493,success
שייח מרזוק,31.74462,35.0810989,success
נס ציונה גבעות הכורכר,31.93079065,34.78203578840434,success
הר הארבל,31.8658178,35.1418078,success
נס הרים,31.7444618,35.0579576,success
שמורת ביצות נוב,32.8339043,35.794352704352676,success
קיבוץ כפר גלעדי,33.24286,35.574979,success
הר האבל,30.2860391,34.7177905,success
הירדן ההררית,33.00492,35.599674,success
הג'ובה הגדולה,33.206722,35.733647,success
יער בארי,31.4042636,34.47027333429952,success
שמורת לימן,33.0686857,35.11491993258883,success
הר מירון -,32.9977837,35.4137268,success
מירון - שביל הפסגה,32.986481,35.43948,success
שמורת חוף ראש הנקרה,33.0674181,35.10558247930212,success
ליד קיבוץ רוחמה,31.494115,34.691955,success
נחל צביה,31.2240968,34.7798446,success
הר נפוליון,41.3922726,-84.1252243,success
בית חנן,31.9337581,34.7740084,success
כביש 232,32.141405,34.873246,success
יער קדושים,31.758677050000003,35.176092749999995,success
הר מירון וסביבתו,32.997784,35.413727,success
הר מירון / ביהס שדה מירון,33.010872,35.389629,success
פארק חוף השרון,32.214375149999995,34.82057029033949,success
"נס ציונה, גבעות הכורכר",31.93079065,34.78203578840434,success
נחל יגור,32.7399379,35.0756406,success
נחל חגל נחל אדמה,32.636434,35.543695,success
הרי מירין,32.779256,34.99549,success
נחל עורבים,33.1433764,35.697522,success
כרמל - הר שוקף,32.7035274,35.01867204154142,success
הר שוקף - כרמל,32.7035274,35.01867204154142,success
מצוקי הארבעים,31.591363,35.393333,success
חניון קרן הכרמל,32.067153,34.766319,success
קרן הכרמל,32.6726161,35.08827297621713,success
אזור המוחרקה,32.672635,35.088203,success
הר תורען,32.7959235,35.3745399,success
עמק גלילות,32.139437,34.80564,success
נוב,31.6065623,35.0364716,success
נחל המערות,32.647879,35.072183,success
חירבת בורגין,31.960458,35.151005,success
צומת דמון,32.7344374,35.0393408,success
הר כרמל,32.0648068,34.8467099,success
כרמל - נחל כלח,32.743277,35.023566,success
עמק הירדן - עליון,32.055891,35.09353,success
חרמון,32.0451964,34.7508217,success
עמק ירדן - עליון,32.055891,35.09353,success
חירבת מדרס,31.655938,34.937469,success
פתחת נחל מערות,32.671175,34.965218,success
יער ראש העין שביל הפרחים ומסביב,32.098024,34.976842,success
נחל כרמילה ונחל כסלון,31.785382,35.026815,success
"חניון הפיתולים, חוות הרוכבים, בית אורן",32.723448,35.248979,success
שמורת המוחרקה,32.672635,35.088203,success
חולון,32.01599895,34.78595635978459,success
עין עוזי (מעל אבן ספיר),30.61402,35.18462,success
יער אשתאול,31.8017468,34.99501706835101,success
הר הרוח,31.8206181,35.0923883,success
נחל עמוד עליון,32.9361657,35.4762685,success
דרך נוף כרמל,31.837556,34.782553,success
תל אנפה,32.1635179,34.849934,success
נחל בית אורן,32.706436,35.051555,success
מחצבות קדומים,32.7278669,35.0149846,success
אזור מערת בני ברית,31.777604,35.030796,success
מעלה רחבעם,31.6478254,35.2584907,success
נחל שרך בצת,33.057736,35.262378,success
שביל שחור 2333 מחניון הפסגה הר מירון,31.506952,34.55307,success
עין זבד,32.9754333,35.4284019,success
נחל תאנים,32.2964533,35.0285675,success
יער קרן כרמל,32.698807,35.06289152945017,success
יער אלוני אבא,32.728581,35.170717,success
ירוחם,30.9869949,34.939677229749435,success
נחל דולב,31.7387267,35.0295392,success
ראש העין,32.0952929,34.9533225,success
הר השאבי,32.8388891,35.291667,success
עין ברזית,33.016667,35.316667,success
ראשון,26.9859562,84.517745,success
אישראל,30.8124247,34.8594762,success
חורבת עירב,33.0806774,35.2278804,success
מצפון לדרום,32.608303,35.291455,success
חוף נחשולים,32.61294395,34.91628736083092,success
שביל 4141 - מקיבוץ יגור לעוספיה,32.832444,35.083036,success
יער חורשים,32.1341123,34.98239360670604,success
בישוב קדומים,32.217751,35.160783,success
בג,42.6073975,25.4856617,success
איזור חוות גלעד,32.200223,35.180917,success
כרמיאל,32.91098395,35.29354437796117,success
נחל שורק,31.796267,35.1676801,success
"ברל כצנלסון 61, חיפה.",32.7832625,35.0141806,success
"מגדל צדק, תל אפק",32.0808063,34.9571024,success
מורדות הר בראון,33.158322,35.778649,success
הר פקיעין,32.9902546,35.352812,success
עין-טיניה,33.084724,35.641574,success
שוויצריה הקטנה,32.74694,35.02464,success
חוף הבונים וחוף דור,32.641861,34.924222,success
בית ספר שדה הר מירון,33.010013,35.393146,success
נחל דלב,31.743421,35.145835,success
נחל כזיב ליד עין תמיר,33.045723,35.247581,success
נחל גחר,32.6275143,35.131991,success
ואדי עוג'ה,29.559334,34.94925,success
נחל איזוב,31.136483,35.324457,success
גלבוע - כתף שאול,32.5281937,35.3724834,success
גלבוע - נחל יצפור,32.599852,35.251824,success
נחל קינה,31.2233638,35.1868457,success
הישוב נוקדים,31.645469,35.244627,success
בית ג'אן,33.3144869,35.8794078,success
חבל לכיש,32.0288886,34.9366349,success
השביל השחור,32.497349,35.446565,success
נחל קנה,32.1368571,35.0189483,success
נחל נדר,32.7644011,35.0018591,success
כמון,32.9113891,35.3612558,success
עין הסמל - הגלבוע,32.520833,35.405556,success
נחל יתלה,31.8205829,35.0652881,success
נחל נריה,33.0036474,35.3821311,success
עמק האסבסטונים ירושלים,31.906517,34.998048,success
ליד ביח הדסה עין כרם,31.763181,35.150725,success
עמק הצבאים בירושלים,31.759544,35.195818,success
נחל קומראן תיכון,31.738755,35.431364,success
יער ירושלים,31.78209835,35.186090300248225,success
מצפה אופיר,32.8148419,35.6626901,success
הר ברקן - גילבוע,32.510062,35.408771,success
שמורת חרוצים בני ציון,32.22110185,34.85727859864973,success
נחל צלמון,32.9008711,35.3711644,success
גליל עליון,31.287497,34.8076827,success
גלבוע - הר ברקן,32.5100616,35.4087714,success
גלבוע הר ברקן,32.5100616,35.4087714,success
"שמורת בני ציון, חרוצים",18.28054,-70.329837,success
שמורת נחל עורבים,33.1424535,35.66976610211715,success
נוב רמהג,32.832235,35.781774,success
שכונת הר יונה נצרת,32.718028,35.352553,success
חברת מדרס,31.655938,34.937469,success
מסלול נחל אל-על,32.857613,35.798281,success
הגלבוע - הר ברקן,32.510062,35.408771,success
הישוב נילי,32.386013,34.928993,success
יישוב דֹּלב,31.743421,35.145835,success
יער עופר,32.6484332,34.9713431,success
גבעות גורל,31.316667,34.816667,success
מעל ביח הדסה עין כרם,31.763181,35.150725,success
יער זכריה,31.709926,34.94689,success
יער החמיש,31.818489,35.081605,success
נחל משמר,31.388472,35.332907,success
צומת אלייקים,30.989809,34.911854,success
נחל בוסתן,32.700238,35.0079346,success
יער יהדות תימן,31.886967,34.815521,success
שביל הר כרמילה,31.784748,35.035401,success
גבעת חומרה - פלמחים,31.935142,34.74308,success
שביל האירוסים בגלבוע,32.505864,35.411443,success
גלבוע,51.4431227,7.3321326,success
יער בן-שמן,31.93594675,34.959798275046644,success
אשקלון,31.67385095,34.575242831413725,success
ליד מיני ישראל,31.842346,34.968923,success
נחל אביב - דישון,32.91637,35.270723,success
רמות נפתלי,33.1022971,35.5531168,success
כביש ערד-סדום,31.254829,35.124633,success
קדומים,32.21862445,35.16263423050676,success
"גבעת האירוסים, נס ציונה",49.87112,11.49929,success
יער הקדושים,31.7706338,35.04190075847845,success
מחלף גלילות,32.1444237,34.8023826,success
מירון - חורבת בק,32.989944,35.408222,success
בצרה,30.4952371,47.8090981,success
כרמל חיפה סטלה מאריס,32.8263649,34.9723202,success
שמורת נחל שורק דרומי,31.755892,35.024414,success
שמורת חרוצים (בני ציון),32.22110185,34.85727859864973,success
ירושלים,31.7788242,35.2257626,success
בארי,50.3165406,3.6826292,success
טבעון,32.7161543,35.126841,success
צומת סעד,31.4697983,34.52855015257353,success
גבעת הכלניות,32.815796,35.12908509517416,success
"נחל אלכסנדר, ליד חרבת סמארה",32.385924,34.8646,success
שמורת נחל אלכסנדר,33.268962,35.580905,success
ליד כפר בן-נון,31.861548,34.947375,success
קיבוץ רוחמה,31.497778,34.706037,success
כל הארץ,32.1176196,35.2506855,success
רמת הנדיב  - שביל אדום,32.554405,34.946476,success
שמורת אלוני יצחק,32.510260900000006,34.99941020803423,success
הר מסור,30.7482466,35.1250666,success
אליקים,32.6327376,35.0670512,success
אזור כרם מהרל,32.645909,34.989612,success
נחל ימין,30.9620991,35.0972199,success
כביש עליה להר מירון,31.68755,34.98272,success
נחל נשר עליון,31.338345,35.260334,success
ארבל,26.2313438,81.2403133,success
הר התבור,32.7234639,35.3374504,success
יער חוף הכרמל,32.65378805,34.97115100458656,success
נחל דליות.,32.8985526,35.7287957,success
זויתן תחתון,31.379171,34.621043,success
ליד ישיבת איתרי,31.744877,35.21077,success
יער צלפון,31.8125289,34.92106597448837,success
רמת דלתון,33.0161305,35.4504843,success
מערת הקשת,32.7724428,34.9912521,success
נחל בצת,33.0665003,35.1494062,success
כרם בן זמרה,33.0388862,35.468049,success
נחל עמוד/מירון,32.916863,35.476979,success
נחל באר,31.2530694,35.1973944,success
נחל הוד,32.1111213,34.8596155,success
מערות לוזית,31.6755562,34.8865623,success
גבעות מע'אר ליד גדרה,31.840296,34.784373,success
נחל זוויתן,32.3125286,34.9292294,success
מצפה הלה,32.0861874,34.952131,success
עמק צורים,31.78788535,35.24275470361866,success
ליד יער יתיר,31.328255,35.030879,success
להבים מזרח,31.3681,34.813821,success
ליד להבים,31.259654,34.801581,success
רוג'ום אל הירי,32.9086513,35.801037,success
גבעת החאן,31.7685008,35.2246829,success
מעל נחל בצת.,33.075644,35.110321,success
מושב לימן,33.059888,35.113643,success
פארק אדמית,33.079558,35.208424,success
פארק אדמית.,33.079558,35.208424,success
רמת מנשה,32.5666501,35.176777,success
גבי ימין,32.702281,34.988554,success
מצוקי מבוא חמה,32.7386339,35.6564586,success
אחו נוב,32.832235,35.781774,success
ישראל,30.8124247,34.8594762,success
פארק הסלעים כיסרא,32.973276,35.29863,success
פארק הסלעים כיסרא - סמיע,32.973276,35.29863,success
חוף הצוק הרצליה,32.140909300000004,34.79001730016325,success
חולות צאלים,31.076104,34.430836,success
דרום הכינרת,31.820299,34.692691,success
צומת יד מרדכי,31.5884158,34.5634071,success
חורבת פורה והשמורה,31.493585,34.779133,success
רחובות,31.8952532,34.8105616,success
חוף אכזיב,33.04410005,35.10098715604522,success
בית הקברות חולון,32.0373406,34.771505724664564,success
נחל זוויתן תחתון,33.118963,35.567277,success
הזאכי,32.894561,35.6398878,success
שפך נחל משמר,31.770893,35.452007,success
חרבת זעק,31.4149324,34.8678575,success
שביל הפסגה - מירון,31.769614,35.182558,success
טלמון,31.9393963,35.1323035,success
מורדות האף,33.227227,35.678963,success
פארק גורן,33.0537169,35.228631349812474,success
נחל שרך,33.0582431,35.2620016,success
נחל עמוד תחתון,32.916863,35.476979,success
אשדוד,31.7977314,34.6529922,success
אלישיב,32.3802538,34.9092219,success
גבעות נצ ציונה,31.9351406,34.7874857,success
מצפור הצוק,32.1307584,34.787004,success
הר ערקן,32.719024,35.02377,success
גבעת התיתורה במודיעין,31.902282,35.01784,success
10022,40.75835116954644,-73.96801008930886,success
צומת מחניים,32.99069475,35.56296525090127,success
נחל חווה,30.7074237,34.8894994,success
נחל שכוי,31.136483,35.324457,success
מאור,48.872916,130.6753417,success
ציפורי,32.74641485,35.281597622332434,success
מצוק הארבל,31.591363,35.393333,success
"ליד בי""ח הדסה",31.763181,35.150725,success
נחל מורן ונחל נריה,33.011745,35.374575,success
מצוקי האון - מבוא חמה,32.744851,35.658327,success
מפל עיט,32.955143,35.7537689,success
שמורת סטף,33.268962,35.580905,success
חולות יבנה,31.88492235,34.701022835984,success
תל עזקה,31.6991715,34.9359149,success
כרמיאל פארק ברוך ונגר,32.90487455,35.29230740473422,success
צמת גורל,31.316667,34.816667,success
מצפה משואה,31.6673031,34.9226494,success
תל אבל בית מעכה,33.258543,35.58032,success
אנדרטת מגילת האש,31.7725163,35.0440521,success
חורבת תתורה,32.95788,35.83259,success
פארק נחל אלכסנדר,32.3988159,34.8965724,success
אנדרטת האש,31.7725163,35.0440521,success
הר שוכה,31.6743088,34.9708306,success
חולות עגור,31.003215349999998,34.44048098018112,success
יער אמציה - גבעות גד - לכיש,31.505531,34.885251,success
שמורת חוף דור,32.636368700000006,34.922035374689074,success
הר אחים,32.8363766,35.3314134,success
דלב,35.9301902,36.6352596,success
יער ביריה,32.992875299999994,35.529046363135464,success
בקרבת יער אודם,33.228921,35.747767,success
רכס אצבע,32.750217,35.101963,success
מאחורי מנזר לטרון,31.832903,34.980116,success
ים המלח,31.54147375,35.47870589103286,success
הר תנופה,31.784613,34.970591,success
מינחת מגידו,32.580357,35.17971,success
יישוב דלב,31.743421,35.145835,success
יקום,32.2485734,34.842087,success
כביש רמלה-לטרון,31.8426814,34.9857182,success
כפר יהושוע,50.4143,5.59059,success
צומת גורל,31.3110768,34.7883314,success
hgr יער בארי,31.403392,34.460843,success
כביש מס' 2 בקטע קיסריה - זכרון יעקב,-21.53333,34.46667,success
נס ציונה,31.9295577,34.7990609,success
עין ורד ליד תל גזר,31.848843,34.934807,success
יער רוחמה,31.4890033,34.68952686646017,success
לאורך כביש 395,31.772833,35.153612,success
עין חנדק,31.7621498,35.1387558,success
שמורת הר הכרמל,32.67955965,34.98508824827103,success
חניון בית היערן,32.7405,35.051906,success
התחלת כביש בית אורן,33.217494,35.612342,success
שביל הפסגה מירון,31.769614,35.182558,success
"צהלה, תל-אביב",32.1225549,34.8361806,success
יער חרובית,31.73751,34.89716440204849,success
"עמק מהר""ל",32.6499949,35.0000022,success
נחל ברק,30.3751072,35.0774088,success
שלוחת איילה,32.6313513,34.9624681,success
ליד יקנעם,31.780567,35.197046,success
הר איתן,31.7693086,35.1120788,success
מערת התאומים,31.7262328,35.0205163,success
יער הנשיא - צרעה,31.766403,34.980838,success
נחל צאלים,31.3526795,35.3466493,success
נחל ראש פינה,32.9765242,35.5776529,success
יער צרעה,31.78209375,34.96820014894479,success
"""יער המלאכים""",29.550390999999998,34.96638854260391,success
באר שבע,31.2457442,34.7925181,success
נגב,29.8261878,121.45840490871828,success
נחל מחניים עליון,33.0286101,35.6240519,success
חורבת כרך,32.677312,35.0714278,success
נחל זוויתן עליון,32.965776,35.694419,success
צומת יד מרדכי-אשקלון,31.5884158,34.5634071,success
נחל שכם,32.3123074,35.0984,success
"שמורת פורה, על שביל ישראל",31.526826,34.784226,success
נחל דליות (מגרסה),32.881737,35.632362,success
שמורת טבע עין אפק,32.8456606,35.11246226919816,success
מקורות הירקון (כפר הבפטיסטים),32.11395725,34.91579432012999,success
שמורת הבונים-דור,32.636368700000006,34.922035374689074,success
כביש גהה ליד הגשר המוביל לקרית אונו,32.141405,34.873246,success
"כביש גהה באזור הגשר המוביל לבי""ח שיבא והלאה עד לגשר המוביל לקרית אונו",32.141405,34.873246,success
אזור מודיעין,32.1095031,34.8955975,success
"אזור מודיעין, כביש 443",32.141405,34.873246,success
חולות אשדוד,31.76034945,34.63314950286033,success
"יער אודם , רמת הגולן",33.2282263,35.74726371947365,success
בצידי כביש 80,31.328385,35.117125,success
"כרם מהר""ל",32.6461207,34.9899618,success
נחל יחיעם,32.9832959,35.1912379,success
עין געתון,33.012981,35.1937003,success
צוקי מנרה,32.952778,35.495833,success
הקסטל,31.7958685,35.1436576,success
אתר הקסטל,31.7967772,35.143539515998114,success
לצד כביש מס' 1,32.845678,35.091309,success
השביל השחור 2343 העולה להר הילל (פניה מהשביל הירוק),32.497349,35.446565,success
עין חוד,32.7005017,34.9825964,success
שמורת הטבע בני ציון,32.221422,34.857037,success
שמורת הטבע בני-ציון,32.221422,34.857037,success
רמת הגולן - צומת קשת,32.9927007,35.7872528,success
שמורת הר ההל,32.687349,34.983602,success
בית חג''י,15.568082,43.637109,success
מעלה ערוד,30.498621,34.656788,success
נחל מאיר,29.6317564,34.9408316,success
שמורת גד,31.52117995,34.88192737358374,success
קבוץ יראון,33.07757,35.4546,success
נחל עיון,33.2223672,35.5956961,success
חניון האירוסים בגלבוע,32.504401,35.412949,success
עזוז - חניון בארותיים,30.7923915,34.4678459,success
נחל געתון,33.0046798,35.0999734,success
ציר ריחניה עמוקה,33.101346,35.825115,success
"צומת המפלים רמה""ג",32.986218,35.750011,success
רח יפה נוף 122 חיפה,32.792761,34.995336,success
קציר,32.4886297,35.1016891,success
ההר העגול,32.5645376,35.0315376,success
נחל חלילים - מבשרת ציון,31.8047578,35.1629682,success
חרבת סמארה,32.392124,34.877739,success
ערד,31.25865975,35.211219398340674,success
דרום רמת הגולן,32.0924781,34.8959287,success
בתוך היער,32.73579,35.18903,success
"נחל רפאים, מלחה",31.7480275,35.1855365,success
הר רמון,30.5025318,34.6360406,success
"גלבוע , כתף שאול",32.5281937,35.3724834,success
שמורת נחל פורה,31.493585,34.779133,success
חניון האירוסים - הגלבוע,32.504401,35.412949,success
כביש  7212 אוניברסיטת חיפה-נשר,31.887091,34.778587,success
כביש 7212 נשר- אוניברסיטת חיפה,32.792761,34.995336,success
נחל אלון-כרמל,32.092324,34.964173,success
שקף,31.5156708,34.9377978,success
חורבת סעדים,31.7509996,35.1293945,success
ג. המורה,32.61574335,35.36144042474278,success
ג.המורה,32.61574335,35.36144042474278,success
ליד פארק הדיג מעיין צבי,32.579853,34.921413,success
בנחל השופט,33.020828,35.099474,success
ואדי עמוד,31.7688139,35.2486748,success
שמורת קדימה,32.287287,34.92101515573307,success
פארק 3000 יער גילה,32.185776,34.852409,success
עומר,31.2678251,34.85127979048952,success
שמורת קדימה - השרון,32.287287,34.92101515573307,success
יער גילה,31.700212,34.580913,success
בתרונות מכתש בארי,31.4431127,34.48803970839868,success
אום זוקא,32.27158045,35.53422946307659,success
כביש 6 קטע אייל,-4.6236,120.3476,success
רמת השופט,32.6119762,35.0949392,success
שמורת יד חרוצים,32.177732,34.92762,success
גבעת התורמוסים,32.6040256,35.3846729,success
שמורת מכתש בארי,31.4431127,34.48803970839868,success
רמות מנשה,32.5978839,35.0576452,success
מול גבעת הרקפות,32.834272,35.103079,success
גבעות טבעון,32.712413,35.122529,success
הרצליה,32.1676842,34.83082794429146,success
יגור,32.7428565,35.0781325,success
צפון הארץ,32.120636,34.934463,success
נחל ימין-חתירה,30.874492,35.114047,success
ליד אשלים,30.964972,34.699265,success
לאורך נחל באר שבע,49.075098,27.696138,success
הר יעלה,31.7510929,35.0425262,success
הר טייסים,31.7741629,35.090068,success
קיבוץ בארי,31.423639,34.490192,success
הר נוף,31.7858115,35.1741509,success
שמורת ביתן אהרון וגם בחרבת סמרה (נחל אלכסנדר),32.385924,34.8646,success
יערות הכרמל,31.9498157,34.9096386,success
אזור נס הרים,31.744591,35.055402,success
שמורת גבעות ברעם,31.518188,34.88129,success
גבעות גברעם,31.59212,34.6124,success
עין כיסלון,33.084724,35.641574,success
נחל כסלון,31.7889417,35.0717181,success
נחל ממשית,31.0247904,35.0619361,success
תל שביב.,32.0420053,34.7511397,success
בית,32.142272,35.2856583,success
נחל הבשור,31.1631134,34.6146652,success
ביתרונות בארי,31.423639,34.490192,success
נחאביר,31.4306473,34.4661234,success
דימונה,31.07085855,35.041245516196746,success
מצודת הבמה,32.703806,35.096083,success
שמורת נחל כיסלון,33.268962,35.580905,success
הר הכרמל,32.764148,35.0129077,success
כתף הכרמל,31.259188,34.828673,success
נחל אשלים עליון,31.064454,35.295405,success
נחל צפית,31.0159196,35.1748887,success
מצד תמר,31.0278529,35.24170468326807,success
נחל צפית עליון,30.978448,35.272227,success
נחל תקוע,31.6122233,35.2967347,success
נחל צלמון - בשמורה,32.937552,35.428558,success
מזרחית ללהבים,32.223229,34.819687,success
חרבת סמארה ליד נחל אלכסנדר,32.385924,34.8646,success
שפך נחל אלכסנדר,31.770893,35.452007,success
קיבוץ רמת יוחנן,32.792954,35.12226,success
פסגת הר מירון,31.7458066,34.9970397,success
נחל אלעל,31.896852,35.0070897,success
הר קטע,31.961279,35.396899,success
חרבת צנובר,31.6063256,34.9504705,success
האחזות נמרוד,33.245468,35.751199,success
גבעת האם,33.2116726,35.6584878,success
צומת דלתון,33.016769,35.485664,success
שמורת נוב (רמת הגולן),32.8339043,35.794352704352676,success
עין בדולח,33.1728998,35.5675984,success
בריכת אניעם,32.957082,35.741065,success
חרבת דורבן,32.794038,35.143874,success
נחל צניפים לאורכו,30.088214,34.845257,success
חבל עדולם,31.989654,34.942064,success
"עין כרם, ירושלים",31.7676367,35.1639025,success
ליד חניון חולות צבעוניים,30.951899,35.025676,success
שמורת חורשת טל,33.22075,35.629502,success
שמורת נחל קטלב,31.740951,35.074629,success
נחל סכר,31.113205,34.7875718,success
שמורת גבעת המורה,32.61574335,35.36144042474278,success
הוד השרון,32.1561974,34.8930354,success
בשמורת אירוס ירוחם,31.021217,34.97419,success
"כביש 90, על יד צומת קומרן-קליה, בצד צפון-מזרח",32.141405,34.873246,success
שביל פרחי הבר ביער ראש העין,31.61044,72.81433,success
עין אלון,32.7268476,35.0229471,success
ליד נעורה,31.780567,35.197046,success
יער בלפור,32.6702369,35.26094185754026,success
כביש מספר 1,31.81572,34.866662,success
נחל ערוד,30.4929164,34.6786181,success
פארק תמנע,32.427922949999996,34.935388177657,success
לאורך כביש 38,31.76127,34.989123,success
יער ניר משה,31.477637,34.630787,success
שמורת בית עובד,31.921567,34.773101,success
גבעות הכוכר נס ציונה,49.87112,11.49929,success
המכתש הקטן,30.9950025,35.209819,success
קיבוץ משמר דוד,31.82333,34.900968,success
דרך נוף יער ביריה,29.08777,81.31418,success
כביש 395,31.772833,35.153612,success
הארבל,36.4317817,37.1655963,success
בית עובד,31.921288,34.7737889,success
בית שערים,32.7037666,35.1292388,success
מצוק מגדים,31.591363,35.393333,success
מצפה נטופה,32.8029167,35.3846403,success
הבניאס,32.6413699,35.0852944,success
שמורת יקום,32.24868,34.84219,success
חורבת סמארה נחל אלכסנדר,32.392124,34.877739,success
"יער פרו, בתוואי שביל ישראל",31.526826,34.784226,success
כביש 3866 מול הכניסה לכביש המוביל למערת הנטיפים,31.887091,34.778587,success
יער המלאכים,29.550390999999998,34.96638854260391,success
"""ברכת בטיח דרומית ע""י כביש 65""",,,failed
"""שוויצריה הקטנה""",32.74694,35.02464,success
"""שיח' מושארף ע""י צור נתן""",,,failed
"'בית עלמין חדש/שער ג, נוף הגליל, ישראל",32.712133,35.337006,success
"'בית עלמין חדש/שער ד, נוף הגליל, ישראל",,,failed
(The text doesn't mention any specific geographic locations. The text announces a foraging workshop),,,failed
"(ירושלים)שד'' שמואל מאיר,חומת שמואל.מול גבעת הארבע (מתחת למלון רמת רחל)",,,failed
"1, ירושלים",31.7928004,35.2587595,success
1. חי בר כרמל. 2. בפנייה לכיוון חניון רקית מכביש עתלית בית אורן,,,failed
"115, עין יעקב, ישראל",32.0637899,34.7651735,success
2 קמ דרמית מזרחית למגדלים,,,failed
200 מ' לכוון עין קובי (פארק בגין),,,failed
"204, ירוחם, ישראל",30.9895227,34.9114896,success
"23, איתן, ישראל",32.04393,34.804852,success
"23, הררית, ישראל",32.8457853,35.369171,success
"3, ישראל",31.7753097,35.22306655,success
"31.7044820, 35.3331600",31.704820050000002,35.33126940339366,success
"31.7389597,35.0740643",31.7385705,35.0771006,success
"375, ישראל",31.718488,35.1139457,success
"383, ישראל",31.7022874,34.9428354,success
"386, ירושלים",31.7574024,35.1047459,success
"3866, נס הרים",32.0454486,34.7767991,success
"395, ירושלים",31.7703373,35.1541939,success
"395, ישראל",31.7703373,35.1541939,success
"3955, בית מאיר",31.7919918,35.043384,success
"3965, ירושלים, ישראל",31.7870415,35.1380688,success
"3965, מבשרת ציון",31.7870415,35.1380688,success
"4 ק""מ מזרחית לצומת תפוח",,,failed
"412, ראשון לציון",31.9539159,34.8025105,success
"412, רחובות",32.0016205,34.8219992,success
"444, ישראל",32.0889443,34.9450835,success
"4HV2+37 יפתח, ישראל",33.12884,35.55231,success
"4RJ5+VC רמת השרון, ישראל",32.313017,34.927901,success
"4RJ5+WC רמת השרון, ישראל",32.313017,34.927901,success
"4XVG+67 חורשים, ישראל",,,failed
"4XVG+C4 חורשים, ישראל",,,failed
500 מטר דרומית מחוף בצת ליד מפרץ חנייה,,,failed
"67, זכרון יעקב",32.5855391,34.9582944,success
"71, ישראל",32.4967517,35.5750589,success
"767, יבנאל, ישראל",32.714787,35.540671,success
"83QM+8C הר עמשא, ישראל",,,failed
"899, ישראל",33.0725019,35.1671716,success
8G4QRQMW+VG,,,failed
8G4QWP4W+58,,,failed
8G4QWP4W+GC,,,failed
8G4QXQ43+27,,,failed
978,23.496395680000003,121.38354454,success
Ancient City of Chesalon,14.036398,99.296843,success
"CVHG+MG חדרה, ישראל",32.43645,34.91956,success
"Cliff campsite, Unnamed Road, ישראל",30.895128,34.874702,success
"Dovi and Eran Shamir Lookout, כביש 667",,,failed
"GC46+78 חפצי בה, ישראל",46.251034,7.00031,success
"GC66+54 חפצי בה, ישראל",46.251034,7.00031,success
"GWXW+R5 בנימינה גבעת עדה, ישראל",32.5232,34.94499,success
"H6RP+9F עפולה, ישראל",32.63323,35.32522,success
"H6VP+55 עפולה, ישראל",32.63323,35.32522,success
"HRPP+RR לכיש, ישראל",,,failed
"HRXJ+9X קרית גת, ישראל",32.39843,35.03933,success
"HRXM+92 קרית גת, ישראל",32.39843,35.03933,success
Iris Argaman (dark purple Iris) nature reserve,45.808074,-60.663165,success
"J985+RF עפולה, ישראל",32.63323,35.32522,success
"JWQG+9H הבונים, ישראל",,,failed
"M9PR+VR שיבלי, ישראל",,,failed
"MG82+M6 עזוז, ישראל",,,failed
"MW3P+WP צפרירים, ישראל",,,failed
"MX89+P7 גבע כרמל, ישראל",9.475265,8.031343,success
Nachal Tajasim,46.338,48.20128,success
"Oniya 2, Ashkelon, ישראל",31.6943345,34.5692464,success
"P2VF+68 נשר, ישראל",32.76651,35.05003,success
"P7WR+M7 ריינה, ישראל",52.28562,7.442977,success
"PF7G+HW יבנאל, ישראל",,,failed
"Q5F9+FV ירושלים, ישראל",31.759595,35.215315,success
"Q5GC+4J ירושלים, ישראל",31.759595,35.215315,success
"RWFV+JG נחשון, ישראל",,,failed
"RWFV+WF נחשון, ישראל",,,failed
"Unnamed Road, Mevaseret Zion, ישראל",31.759595,35.215315,success
"Unnamed Road, Nesher, ישראל",32.78723,34.998903,success
"Unnamed Road, ישראל",30.895128,34.874702,success
"WPPV+CQ גן שורק, ישראל",,,failed
"XVFP+HW ירוחם, ישראל",30.98822,34.93176,success
"Yacimiento de Ziklag, לכיש",,,failed
אבירים,33.0386467,35.2871399,success
אבני איתן,32.8246384,35.7667337,success
אבנת אבנת,26.290834,59.5237216,success
אבנת צפון ים המלח,31.205105,35.361714,success
"אברהם לינקולן 20, ירושלים, ישראל",31.759595,35.215315,success
אגמון חפר עין החורש,,,failed
אגמון ראשון לציון,31.9771158,34.74822801572765,success
אגרוף ורומח,32.03416395,34.957740625017735,success
"אהרון ברנד 5, ירושלים, ישראל",31.7843806,35.1728946,success
אודים,32.2647709,34.8469332,success
אודם,39.7837304,-100.445882,success
אום אל עלק-עין צור,,,failed
אור עקיבא,32.5090151,34.9195677,success
אורחן מצפה הראל,31.807749,34.964097,success
"אורן 11, חיפה",32.832026400000004,35.07963137216759,success
אזור  גוש הר מירון צפונית מזרחית לכפר בית ג'ן,,,failed
אזור בית יערן עוספיה,,,failed
"אזור בית לויה , אמציה",,,failed
אזור חרבת נטיף -נתיב הלה,,,failed
אזור מגדל צדק - ראש העין,,,failed
אזור נעורה/תמרה,,,failed
אזור סיבוב הקטלבים,,,failed
אזור רביבים,32.132207,34.9973476,success
אזור שמורת פולג - יקום,,,failed
"אזור תעשייה, מבשרת ציון",,,failed
"אזור תעשייה, מעלה אפרים",32.068750949999995,35.41656098270725,success
אחו נב,14.7315018,102.3142924,success
אחו נב (Achu Nev/Nev Meadow),,,failed
אחו נב (Achuzat Nev),,,failed
אחו נב (Ahu Nav - Nav Meadow/Pasture),,,failed
אחו נב (Ahu Nav),,,failed
אחו נב (Ahu Nav/Nav Meadow),,,failed
אחו נוב - חיספין,,,failed
אחו נוב ליד חיספין,,,failed
אחו נובמבר,32.967347,35.537594,success
אחו נובמבר (November Meadow),,,failed
"אחוזת לנגה, זכרון יעקב",32.575561,34.94801434997279,success
"אטאס, רבי חסדא 6, ירושלים, ישראל",,,failed
"אי בלב ביצות, HaRakefet St 148, Udim, ישראל",,,failed
"איזור הכרמל, שויצריה הקטנה וכו'...",,,failed
איזור הר מירון,32.997784,35.413727,success
איזור מודיעין,32.318663,34.873734,success
איזור נס-ציונה - רחובות,,,failed
"איזור עדולם, איזור לכיש",,,failed
איזור עין גדי+נחל ערוגות,,,failed
איזור פרוד (Ezore Prode - Prode Area),,,failed
"איזור ציפורי, שביל ישראל לכיוון אנדרטת החייל הבדווי",,,failed
איזור תל חדיד ביער בן-שמן,,,failed
אילנות מזרח,31.669046,34.566287,success
אילת,29.554030599999997,34.94527476661743,success
"אירוס הארגמן 37, נתניה, ישראל",32.2860991,34.8442482,success
"אירוס הביצות, נוב",,,failed
אירוס הנגב,31.1964503,34.4691741,success
"אירוסים במלכישוע, מלכישוע",,,failed
"איתמר, סמוך ל",,,failed
אלון הגליל,32.7571188,35.2199802,success
"אלון מורה, אלון מורה",32.231395,35.327171,success
"אלון, מעלות תרשיחא",33.007186,35.270921,success
אלוני הבשן,33.0440867,35.8391653,success
אלוני יצחק,32.5106111,35.003597,success
אלונים,32.7199093,35.1446939,success
אליעד,53.891636,25.3022894,success
אליעד רמת הגולן,32.9881865,35.6767105,success
אלפי מנשה,32.1730798,35.0158426,success
אלרואי טבעון,32.7096593,35.1047862,success
אמאוס ניקופוליס,31.8392951,34.9893645,success
אמירים,32.9374962,35.4499969,success
אמירים (Amirim),32.1536744,34.841931,success
אמירים מירון,32.1587927,34.8364399,success
אמציה,31.5324669,34.9143066,success
"אמציה, גבעות גד",,,failed
"אמציה, גבעות גד , חירבת בית לויה",,,failed
אנדרטה לחללי חיל ההנדסה,31.968456,34.945843,success
אנדרטת אגרוף ורומח,32.03416395,34.957740625017735,success
אנדרטת אסון השריפה בכרמל,,,failed
אנדרטת חטיבת 600 נתיבי האש,31.266715,34.820499,success
אנדרטת חטיבת אלכסנדרוני קרב לטרון,,,failed
אנדרטת חטיבת ברק,31.266715,34.820499,success
אנדרטת חטיבת הנגב,31.2666069,34.82052894336489,success
"אנדרטת חטיבת הנגב, באר שבע",31.2666069,34.82052894336489,success
אנדרטת יער הקדושים לזכר הניספים בשואה,,,failed
"אנדרטת לוחמי הלחי, משמר איילון",,,failed
"אנדרטת מגילת האש, IL, ישראל",31.7725163,35.0440521,success
"אסדר לסעודתא, עלי",,,failed
"אפולוניה, הרצליה",32.1950429,34.8065222,success
אפיק הנעמן הישן - קרקע מלחה מוצפת בחורף; בין כפר מסריק לעין המפרץ,,,failed
אצבוע ים-המלח,31.25465,35.206101,success
אצבע הגליל,31.5255647,34.6034433,success
אקו פארק גלילות,32.12912785,34.806451640742985,success
ארבל וקרני-חיטין,,,failed
"ארזי הלבנון, חדרה",32.4267565,34.883352,success
אריאל שרון,32.0793832,34.7989005,success
"ארמון הנציב, ירושלים",31.7496635,35.2337721,success
"ארסוף קדם, ארסוף",,,failed
"אשקלון - בבתות, מעזבות, אשפתות",,,failed
אשקלון - סמוך לקו חוף הים,,,failed
"אשקלון, שטח פתוח דרומית למלון הולידיי-אין",,,failed
אשתאול,31.7801952,35.0097885,success
אתר אירוס הנגב בין צאלים לגבולות,,,failed
"אתר ברית בין הבתרים, הר דוב",,,failed
אתר החרמון,33.31349335,35.778292660297744,success
"אתר פיקניק חניון הצוק, חיפה",,,failed
"אתר רכבת העמק כפר יהושע, כפר יהושע",,,failed
אתר תחנת הכוח חגית,,,failed
"בא""ח גולני",31.439479,34.864544,success
באזור בריכת יער חדרה,,,failed
באזור חירבת חנות,,,failed
באזור נחל לוץ ומצפור ערוד,,,failed
באזור תל שוכה בעמק האלה,,,failed
באח גולני כפר קרע,50.4143,5.59059,success
באחו נוב,32.832235,35.781774,success
באר מרווה,31.44532855,34.52220620815217,success
באר משאבים מול פארק גולדה,,,failed
באר שבע ליד הגן הזואולוגי; קירטון,,,failed
באר שבע פארק הנופלים,31.26045,34.721521,success
"באר שבע-צפון, באר שבע",31.2618954,34.8093958,success
בארי - בתרונות כורכר,,,failed
"בבהר קטע, ""גבעת הדקטילוריזות""",,,failed
בגבעה הצפונית בצידה המזרחי,,,failed
בגבעות סביב היישוב מיתר,,,failed
בגיבעה המרכזית בקציר,,,failed
בגלבוע בשביל השחור היורד ממלכישוע,,,failed
בגליל עליון קרן ברתות,,,failed
בדולינה בדרך למוצב ברכבל העליון בחרמון,,,failed
בדרך המשלטים בהרי ירושלים מעל שער הגיא,,,failed
בדרך העולה לאנדרטת הטייסים ליד רמת רזיאל,,,failed
בדרך ל ג'ובה הגדולה ביער אודם,,,failed
בדרך לאום -אל קנטיר,,,failed
בדרך לאורך הנעמן ובתעלת הנעמן צפונה לאפיק הישן (מצפון לאקליפטוס),,,failed
בדרך לאנדרטת מגילת האש,,,failed
"בדרך לבי""ח הדסה עין כרם",,,failed
בדרך לישוב רמות מנשה,,,failed
בדרך למבצר מונפורט,,,failed
בדרך לעמודי עמרם,,,failed
בדרך מביח הדסה לירושלים,,,failed
בדרך ממצפה אופיר לכוון עין גב,,,failed
בדרך מתל יודפת להר עצמון.,,,failed
בדרך נוף גבעת המורה וליד בית השיטה,,,failed
בואדיות בערד,,,failed
בועיינה-נוג'ידאת,32.8056259,35.3646736,success
בוקעתא,33.2007739,35.77986040670581,success
בור חמת,54.0916747,12.144425179885808,success
בורות לוץ והר רמון,,,failed
בורות לוץ לאורך סימון שבילים אדום,,,failed
בורות רמליה,30.795524,34.7557948,success
בורת לוץ,32.77372,35.530337,success
בחורשה מול מושב עלומים  על כביש 232,,,failed
בחורשה מול פארק נחשונים,,,failed
בחן,32.3510073,35.019131,success
בחצרות בתי הילדים בקבוץ שפיים,,,failed
"ביאנקיני, מגילות",31.7591644,35.5017793,success
בין בית צפאפה לישיבת איתרי,,,failed
בין גבולות לצאלים,,,failed
"בין גבעת חפורית לגבעת הל""ה",,,failed
בין הכניסה המזרחית לאבו גוש ועשצומת הכניסה לשורש,,,failed
"בין ירוחם לדימונה, שמורת אירוס ירוחם",,,failed
בין מערת היונים למערת המתבודד,,,failed
בין מצפה משואה ללוזית,,,failed
בין נחל סבך לרום כרמל,,,failed
בין צומת כביש עוקף יריחו לצומת לידו,,,failed
בין צור יצחק לצור נתן,,,failed
בין צור נתן לכוכב יאיר,,,failed
בין שמורת עין אפק לבריכת הנופרים,,,failed
בין תל חזיקה ותל שאף אל כביר,,,failed
ביער  אילנות  בצד  מזרחבין  קדימה  לצור  משה,,,failed
ביער ברעם כ200 מטר מהכניסה בשדה משמאל לשביל,,,failed
"ביער עופר, רכס הכרמל, שלוחה דרומית, לפני העלייה למצפה עופר",,,failed
ביערות ליד מערת הנטיפים,,,failed
ביצאה מרמלה לבית שמש כביש 44,,,failed
ביצה בצומת שבילים בשדות עיינות,,,failed
ביצות נוב בכניסה לחיספין,,,failed
ביצת  נחל דליה,32.57557235,34.917733421155134,success
ביצת זיתא,32.4360331,34.955379384229886,success
ביצת עיינות,30.212776,34.937487,success
בירידה בשביל ישראל מהמצבה לכיוון עין זבד לפני ההוטה בצד שמאל של הדרך,,,failed
בירידה לנחל רכש,,,failed
בירידה מנחל יגור לקיבוץ יגור,,,failed
בישוב קדומים בשומרון,,,failed
בית אורן מחצבת קדומים,,,failed
"בית אורן, צפונית לחוות הרוכבים",,,failed
בית אל,31.9420729,35.2224417,success
בית אליעזר דרום,32.16025195,34.8579153368412,success
"בית ג'אן, הר הלל",,,failed
בית ג'ן,33.3144869,35.8794078,success
בית גמליאל,31.858212299999998,34.76392461166489,success
בית הבד כסלון,32.101482,34.794242,success
בית היערן,32.738345249999995,35.38645666916952,success
בית היערן כרמל,32.7405,35.051906,success
בית העלמין,31.9090286,34.7942234,success
בית העלמין גני אסתר ראשון לציון,31.969268,34.816919,success
"בית העלמין האלטרנטיבי גבעת ברנר, גבעת ברנר",,,failed
בית העלמין של מעגן מיכאל,,,failed
בית הקברות החדש בנצרת עילית והר יונה,,,failed
בית חנניה,32.5282617,34.92503,success
בית לחם הגלילית,32.7345558,35.1890555,success
"בית עלמין חדש/שער ד', נוף הגליל, ישראל",,,failed
בית עלמין מעגן מיכאל,32.56631255,34.91876915,success
בית צפאפא  - צד הדרומי מערבי של ישיבת איתרי,,,failed
בית צפאפא - בסמוך לצד הדרומי מערבי של ישיבת איתרי,,,failed
"בית צפפא, ירושלים",31.7441489,35.2062517,success
בית שמש,31.746214,34.9886825,success
ביתן אהרוןף,32.09889,34.776038,success
בכביש 9088 בין צ. קצרין צפ' לקצרין בשולי הדרך,,,failed
"בכביש אשתעול צובה, בשביל הנכנס ליער הקדושים",,,failed
בכביש הגישה לישוב רמות מנשה,,,failed
בכביש היורד לסטף,,,failed
בכביש המערכת 8933 בגבול הצפון בירידה לנחל שרך,32.040629,35.051832,success
בכביש העולה לאנדרטת הטייסים ליד רמת רזיאל,,,failed
בכביש העולה לאנדרטת הטיסים ליד רמת רזיאל,,,failed
"בכביש למירון  מעט לפני בי""ס שדה",,,failed
בכביש לשביל הפיסגה במירון,,,failed
בכביש עליה לאתר החרמון בסיבוב איציק,,,failed
בכביש שבין גונן לעין תינה,,,failed
בכל הנגב הצפוני והאיזור שבין קריית-גת לאשקלון-בצידי הדרכים,,,failed
בכל רחיבי הארץ,,,failed
"בכניסה לדיר א-שיח, שמורת נחל שורק דרומי",,,failed
בכניסה לחוף ינאי,,,failed
בכניסה ליער יהדות תימן,,,failed
בכניסה לישוב מעלה גלבוע,,,failed
בכניסה לנחל כסלון ליד הכביש משער הגיא לבית שמש,,,failed
בכניסה לעמק הנעלם. מטרים ספורים מעל העמק עצמו,,,failed
בכניסה לקבוץ קליה,,,failed
בכניסה לקיבוץ פונים ימינה עוברים את הרפת ושוב ימינה עד לאנטנה הגבוהה,,,failed
בכניסה לשביל האדום מהמוחרקה לדרך נוף,,,failed
בכניסה לשמורה. ניתן לפנות הן ימינה והן שמאחה ולעלות על אחת הגבעות. נצפו גם כלניות וצפורני חתול,,,failed
"בכניסה לשמורת הבונים לפני המחסום, בצד ימין",,,failed
במהלך המסלול המעגלי סביב חורשת הארבעים,,,failed
במורדות הר קטע מ נמרוד .,,,failed
במסלול בין מערת שורק לנחל קטלב,,,failed
במסלול הירוק למפל רסיסים המתחיל ליד עין קיניה,,,failed
במסלול מהאנדרטה למערת הנטיפים,,,failed
"במעלה הר ערקן, (שביל 4163כחול במפת סימון שבילים כרמל)",,,failed
"במעלה נחל גדור לכיוון גבעת חפורית, וכן בינה לבין גבעת הל""ה",,,failed
במצוקים שמעל ומתחת המסלול האדום בין גשר נחל כלך לכיוון חוות הסוסים בצ.,,,failed
בן שמן,31.9522788,34.921944,success
בנחל צניר (חניתה) מעט לפני הירידה לאזור הסחלבים נראה פרט בודד בימין הד,,,failed
בני דרור,32.2618622,34.900238,success
בני דרור (Bnei Dror),32.2617947,34.9098809,success
בני ציון,32.2203585,34.8686714,success
"בניאס,  בירידה לגשר התלוי",,,failed
בנימינה,32.5202891,34.9435862,success
בסביבת בור חמת,30.593588,34.709815,success
בסביבת חורבת  רקית פיקניק שביל אדום,,,failed
בסוף שביל המצוק לכיון עמק הזיתים ליד אוניברסיטת חיפה,,,failed
בסינגל מרום גולן,33.13266,35.777321,success
בסמוך לחניון הקטן למסלול אל מערת קשת,,,failed
בסמוך לכביש 38 בין מחלך שער הגיא לבית שמש,,,failed
"בעלי התוספות 24, אלעד, ישראל",32.0477602,34.9584822,success
בעליה למירון ליד האנדרטה,,,failed
בעליה לשמורת הר מירון,,,failed
בעלייה להר עצמון מנחל יודפת,,,failed
בעלייה מחוץ לאפיק נחל אל על ברמת הגולן לכיוון אליעד.,,,failed
בערוצים בסביבת רחובות שבנגב,,,failed
בצד שמאל של כביש הכניסה לכפר יהושע,,,failed
בצומת,32.4507285,34.9096365,success
בצומת בעליה לפארק אדמית,,,failed
"בצור יגאל,צור נתן,וכוכב יאיר בשטח פתוח",,,failed
בצידי הכביש ממצודת נמרוד לנבי-חזורי,,,failed
בצידי השביל האדום (4164 במפת סימון שבילים כרמל) העולה מחניון האגם לחיר,,,failed
בצידי השביל האדום בירידה ליהודיה עליון,,,failed
"בצידי כביש 6, באיזור החיבור עם כביש 1, וגם בהמשך לאורך כביש 1",,,failed
בצת,33.0708449,35.136107,success
"בקוע, בקוע",31.832,34.92724,success
"בקעת אלון - על שביל ישראל, למרגלות הר שוקף",,,failed
בקעת הירדן,32.0624633,34.8695667,success
"בקעת הירדן ,נחל פיראן ונחל תלכיד",,,failed
בקעת הירדן אום זוקא,,,failed
בקעת הירדן נחל תלכיד,,,failed
בקעת הירדן שמורת אום זוקא,,,failed
בקעת הירדן-עין א שאק,,,failed
בקעת הירדן-שמורת אום זוקא,,,failed
בקעת ים המלח,31.6733709,35.3706765,success
בקעת שיזפון,30.0544439,35.0172219,success
בקרבת חדרה,32.43645,34.91956,success
"בקתות גלעד Gilad Cabins, בקתות גלעד, אודם",,,failed
בר גיורא,31.7298209,35.0726527,success
"בר גיורה- ח. עתאב, עין ספלה, נחל המערה",,,failed
"ברבהר, חניון נחל קטלב, בר גיורא",,,failed
ברוש הבקעה,32.3194536,35.5421207,success
בריכת געש,32.233597200000006,34.82699169703058,success
בריכת הג'מוסים - בלפוריה,,,failed
"בריכת המנחת, מנחת קריית שמונה/למזרח, קרית שמונה, ישראל",,,failed
בריכת הנופרים ומקורות הירקון,,,failed
בריכת זורקיה,31.777171,35.229006,success
"בריכת חורף מכללת לוינסקי, 2040, תל אביב יפו",32.135358,34.794669,success
"בריכת חורף מכללת לוינסקי, 2040, תל אביב-יפו",32.135358,34.794669,success
"בריכת חורף מכללת לוינסקי, שושנה פרסיץ, תל אביב יפו",,,failed
"בריכת חלב, ליד ג'יש",,,failed
בריכת יער,32.411240649999996,34.89894835003881,success
"בריכת יקינטון, כביש 2, נתניה",,,failed
"בריכת צירטה, שוהם",,,failed
"בריכת צרטה, שוהם",,,failed
בריכת שלולית  חורף דורה נתניה,,,failed
בריכת שלולית לוינסקי,32.135358,34.794669,success
ברכת בטיח ההיסטורית,,,failed
ברכת הנופרים ירקון,,,failed
ברכת צרטא,31.770401,35.235123,success
ברכת צרטא162,31.770401,35.235123,success
ברקאי,36.3954471,59.691053,success
בשביל אדום מדרום לאנדרטת כוח ביער קולה ובגבעות ממזרח,,,failed
בשביל אדום מדרום לאנדרטת כוח ביער קולה ובשיאי הגבעות ממזרח,,,failed
בשביל בין חורבת כרך למוחרקה,,,failed
בשביל היורד מחורשת הארבעים לכביש עוספיה,,,failed
בשביל היורד מקרן ברתות לנחל כזיב,,,failed
בשביל הירוק בנחל קטלב,,,failed
בשביל הירוק ליד קביש 40 קילומטר אחד דרומה מכניסה עליונה לעין עבדת,,,failed
בשביל הכחול העולה מעין אלון,,,failed
בשביל הכחול ממתחם הסוסים בכניסה לבית אורן לכיוון נחל כלח,,,failed
בשביל הכחול שבין מתחם הסוסים בכניסה לבית אורן - לכיוון נחל כלח,,,failed
"בשביל הכחול שבין מתחם הסוסים בכניסה לבית אורן, לבין נחל כלח",,,failed
בשביל המסומן הירוק לעין כפירה,,,failed
בשביל העבר בדרך למפל הג'ילבון בצידי הדרך,,,failed
בשביל השחור בירידה ממגרש החניה לנחל כזיב,,,failed
בשביל השחור מהילה לקרן ברתות קצת למעלה מצד ימין באזור של בן-סחלב צריפי,,,failed
בשביל השחור משווצריה הקטנה לנחל כלח ליד החפיר (תעלות),,,failed
בשביל ה״שקוף״ המוביל למצפור הצוק,,,failed
בשביל לחרבת קייאפה,,,failed
בשביל למרגלות האוניברסיטה,,,failed
בשביל מחניון דליות לכיוון גלגל רפאים,,,failed
בשביל מסביב למלכישוע בגלבוע,,,failed
בשביל מצפה הילה-קרן ברתות,,,failed
בשביל שבין אורוות הסוסים בכניסה לבית אורן לבין נחל כלח,,,failed
בשביל שבין נחל כלח לאורוות הסוסים בכניסה לבית אורן,,,failed
בשבל השחור היורד מהילה ל-כזיב,,,failed
בשולי הכבישים בצפון השומרון,,,failed
"בשולי כביש 4 צפון,מיד אחרי מחלף קיסריה",,,failed
בשולי כביש לגבעת וולפסון בכרמל,,,failed
בת שלמה,32.5994386,35.0029516,success
בתוך מבצר המונפור,,,failed
"בתוך פרדסיה, רחוב המייסדים",,,failed
בתות באשקלון,,,failed
בתרונות בארי ושמורת פורה,,,failed
ג'סר א זרקא,32.5375618,34.9132199,success
גבי ימין בירידה לגבים,,,failed
גבעה 138.5 צפון מזרחית לקיבוץ גברעם,,,failed
גבעה 138.5 צפונית מזרחית לקיבוץ גברעם,,,failed
גבעה 69 ניצנים,31.725396,34.65064,success
גבעה הצפונית,31.822656,35.231211,success
גבעה מדרום לעין הים,,,failed
גבעה צפון לדליה ועוד,,,failed
גבעה צפונית לקיבוץ דליה ועוד...,,,failed
גבעון החדשה,31.8481853,35.1576102,success
גבעות,31.6789629,35.1011544,success
גבעות אלונים,32.7776371,35.1304571,success
גבעות גורל ליד להבים,,,failed
גבעות דרומיות מודיעין מכבים רעות,,,failed
גבעות הכורכר,31.93079065,34.78203578840434,success
גבעות הכורכר בחוף קיסריה,,,failed
גבעות הכורכר בנס ציונה,,,failed
גבעות הכורכר בנס ציונה (Kurkar Hills in Ness Ziona),,,failed
גבעות הכורכר בנס ציונה (Kurkar hills in Ness Ziona),,,failed
גבעות הכורכר בנס ציונה - ליד האיצטדיון,,,failed
גבעות הכורכר נס ציונה,31.93079065,34.78203578840434,success
"גבעות הכורכר, נס ציונה",31.93079065,34.78203578840434,success
"גבעות הכורכר, נס ציונה, שביל שומר הגבעות",,,failed
גבעות חבצלת,31.678858,35.101289,success
"גבעות טבעון, מעל קרית חרושת",,,failed
גבעות כורכר גברעם,,,failed
גבעות מזרחיות לראש העין,,,failed
גבעות מיתר דרום מזרח ליישוב,,,failed
גבעות מיתר ליד מגדל תצפית קקל כמויות גדולות ליד אנדרטה לזכר מוטי סרפד,,,failed
"גבעות מיתר צפון הנגב,בין מיתר לחורה",,,failed
גבעות מרר,31.8416453,34.7855752,success
"גבעות נ""צ",32.7013642,35.1145291,success
גבעות סביב ק.דליה,,,failed
גבעת אולגה,32.4410083,34.88363,success
"גבעת אולגה, חדרה",32.4410083,34.88363,success
גבעת אלון התבור,32.144716,34.8365261,success
גבעת אלון התבור (Givat Allon HaTavor - Allon HaTavor Hill),,,failed
"גבעת אלון התבור, Bne Dror",,,failed
גבעת ברפיליה,31.9093907,34.9893649,success
"גבעת ברפיליה, חיים בר-לב, מודיעין מכבים רעות",,,failed
גבעת גד -מערבה לאמציה,,,failed
גבעת גד מערבה לאמציה,,,failed
גבעת גד מערבית לאמציה,,,failed
גבעת האירוסים,31.94362485,34.79755317109688,success
"גבעת האירוסים - בין נס ציונה לראשל""צ",,,failed
"גבעת האירוסים בגבעות הכורכר, בצומת ורדים בין ראשל''צ ונס ציונה",,,failed
גבעת האירוסים בנצרת עילית,,,failed
"גבעת האירוסים ראשל""צ נס ציונה",,,failed
"גבעת האירוסים, יעקב נחמיאס, ראשון לציון",,,failed
"גבעת האירוסים, נתניה",32.28536305,34.847771270072684,success
גבעת הברושים ליד מודיעין,,,failed
גבעת הברושים ליד מכבים + יער הקדושים בדך העולה לירושלים מאשתעול,,,failed
"גבעת הברושים ליש מכבים, וגם לאורך מקומות רבים בכבישי העליה לירושלים",,,failed
גבעת הג'מוסים-מול גבעת המורה ליד בלפוריה,,,failed
גבעת הדקטילוריזות בהר קטע,,,failed
"גבעת החלמוניות, ירוחם",,,failed
גבעת החמרה,32.166904,34.875428,success
גבעת החמרה ליד פלמחים,,,failed
גבעת הכורכר נס ציונה,31.926475,34.785581,success
גבעת הכלניות בדרום הוד השרון (ליד הר הזבל בקצה רח' דרך הים),,,failed
גבעת הכלניות בחן,32.166904,34.875428,success
גבעת הכלניות הוד השרון,32.436117,-97.836585,success
"גבעת המורה, עפולה",32.6176829,35.3489433,success
"גבעת הסלעים, ראש העין",,,failed
גבעת העיזים,32.772973,34.984492,success
"גבעת העיזים, חיפה",32.772973,34.984492,success
גבעת הפרחים,31.6519278,34.5775123,success
גבעת הפרחים מעגן מיכאל,,,failed
גבעת הצבעונים,32.5662609,34.91995860475615,success
"גבעת הצבעונים של מעגן מיכאל, כביש 2, מעגן מיכאל",,,failed
"גבעת הצבעונים, כביש 2, ישראל",32.5662609,34.91995860475615,success
"גבעת הרצליה ליד הים, שמורת הבונים-דור",,,failed
גבעת הרקפות (ליד קיבוץ גלעד),,,failed
גבעת הרקפות - טל שחר,,,failed
גבעת הרקפות בטל שחר,,,failed
גבעת הרקפות ליד מושב טל שחר,,,failed
גבעת הרקפות ליד קיבוץ גלעד,,,failed
גבעת הרקפות קיבוץ טל שחר,,,failed
גבעת הרקפות רמות מנשה,,,failed
גבעת הרקפות שבסמוך לקיבוץ גלעד,,,failed
"גבעת הרקפות, אבן יצחק",32.560220650000005,35.083585496381104,success
גבעת התורמוסים - תל שוכה,,,failed
גבעת התורמוסים - תל שוכה - עמק האלה,,,failed
גבעת התורמוסים - תל שוכה עמק האלה,,,failed
גבעת התורמוסים בעמק האלה,,,failed
"גבעת התורמוסים ליד נתיב הל""ה",,,failed
גבעת התורמוסים ליד קיבוץ הל״ה,,,failed
"גבעת התחתורה, מודיעין",,,failed
גבעת התיתורה,31.90264415,35.020600044244695,success
גבעת התיתורה - בין מודיעין למכבים-רעות,,,failed
"גבעת התיתורה, דרך יגאל אלון, מודיעין מכבים רעות",,,failed
"גבעת התנ""ך ירושלים",31.7682486,35.22552964593109,success
"גבעת התנ""ך ליד מתחם התחנה בירושלים",,,failed
"גבעת התנ""ך, דוד רמז, ירושלים",31.759595,35.215315,success
"גבעת התנ""ך, ירושלים",31.7682486,35.22552964593109,success
גבעת חומרה - בדרך לפלמחים,,,failed
גבעת חומרה בדרך לפלמחים,,,failed
גבעת חומרה ליד פלמחים,,,failed
גבעת חומרה שמורת אירוס הארגמן,,,failed
"גבעת חומרה, בכביש לפלמחים",,,failed
"גבעת חומרה, גן שורק",,,failed
"גבעת חומרה, פלמחים",,,failed
גבעת חמרה ליד פלמחים,,,failed
גבעת יואב,32.8002848,35.6838088,success
גבעת יערים,31.7859942,35.092569,success
גבעת יערים דרך נוף דרומית,31.785927,35.096176,success
גבעת יערים דרך נוף דרומית שביל כחול,31.785927,35.096176,success
גבעת יערים דרך נוף דרומיתף,31.785927,35.096176,success
גבעת יערים שביל כחול לעין כסלון,,,failed
גבעת יערים שביל כחול מערבה.,31.785927,35.096176,success
גבעת יערים שביל כחול.,31.785927,35.096176,success
"גבעת ישעיהו, ההרחבה",,,failed
גבעת כח ליד כביש 6 ובריכת צרטה,,,failed
גבעת לילי,31.8129025,35.1679115,success
גבעת מקורות ביצאה מקרית אתא לכוון צומת גילעם אחרי ביס לשוטרים,,,failed
"גבעת מתן גוטליב, נס ציונה",,,failed
"גבעת ניל""י",32.5472691,35.0423428,success
גבעת נפוליאון - תל גריסה,32.091680800000006,34.80790422766508,success
גבעת נפוליון,32.091680800000006,34.80790422766508,success
גבעת נפוליון גבול תל אביב רמת גן,,,failed
גבעת עדה גן שעשושים במושבה,,,failed
גבעת עדה- גן המייסדים,32.51551345,35.00290590863818,success
גבעת עדה-גן המייסדים,32.51551345,35.00290590863818,success
גבעת קוזלובסקי גבעתיים,32.0712146,34.816613,success
גבעת שמש,31.774962,34.9515702,success
גבעת תיתורה,32.166904,34.875428,success
גבעת תיתורה במודיעין,,,failed
גבעת תיתורה ליד מודיעין,,,failed
גבעת תיתורה ליד מודיעין וחרבת קנובה בין מודיעין למכבים,,,failed
גבעת תיתורה מודיעין,,,failed
גבעת תמרת,32.519704,35.004031,success
גווילי האש,31.774827,35.234173,success
גולן,32.1452402,34.8320889,success
גוש הר מירון  אזור הר שפנים -חרבת שפנים  (ג'בל שופניין ),,,failed
גיבעת הרקפות עי מושב טל -שחר,,,failed
"גינת מבצע דני/ה' באייר, ראש העין, ישראל",32.099021,34.975084,success
גל לאומי בית גוברין. תל מרשה,,,failed
גלבון ברכת הקצינים,,,failed
"גלבוע , גבעת האירוסים",,,failed
גלבוע סמוך לגבעת האירוסים,,,failed
"גלבוע, כוכב יאיר צור יגאל",32.2282381,35.0049224,success
"גלבוע, עפולה",32.6022979,35.2902143,success
גליל מרכזי - בעלייה להר עצמון,,,failed
גליל מרכזי - בעלייה להר עצמון.,,,failed
גליל עליון וגליל מערבי,,,failed
גליל עליון קרן ברתות שבילכחול,,,failed
גליל עליון-הר מירון,32.9835633,35.38390524459416,success
גליל עליון-עין טמיר,,,failed
גליל עליון-עין תמיר,,,failed
גליל עמקים וגלבוע-גבעת המורה,,,failed
גליל תחתון,32.750205449999996,35.45262541274484,success
גליל תחתון העמקים וגלבוע,,,failed
גליל תחתון הר טורעו,,,failed
גליל תחתון הר טורען,32.7959235,35.3745399,success
גליל תחתון הר יונה,,,failed
גליל תחתון ועמקים,32.770521,35.410207,success
גליל תחתון ןעמקים,32.770521,35.410207,success
גליל תחתון עמקים וגלבוע,,,failed
גליל תחתון עמקים וגלבוע-גבעת המורה,,,failed
גליל תחתון עמקים וגלבוע-נחל תבור,,,failed
גליל תחתון-הר טורען,32.7959235,35.3745399,success
גליל תחתון-חורבת עמודים,,,failed
גלילות,32.140585,34.79560387935523,success
"גמלא, השביל לעיר עתיקה.",,,failed
גמלא. בדרך למפל,,,failed
גן,8.0300284,-1.0800271,success
גן הבנים רמת גן,32.0500419,34.815757190410956,success
"גן הורדים, ראשון לציון",31.94847645,34.7999205567062,success
"גן החיות התנ""כי ירושלים, דרך אהרן שולוב, ירושלים",,,failed
גן המייסדים גבעת עדה,32.51551345,35.00290590863818,success
"גן המייסדים, גבעת עדה, בנימינה גבעת עדה",32.51551345,35.00290590863818,success
גן העצמאות בתל אביב צפונית למלון הילטון,,,failed
"גן הפסלים בילי רוז, דרך רופין, ירושלים",,,failed
גן התומר - עין המפרץ,,,failed
"גן לאומי אפולוניה, הרצליה",32.193280200000004,34.806387604704966,success
גן לאומי בית גוברין-מרשה,,,failed
גן לאומי גבעת מרר,,,failed
גן לאומי גמלא,32.185208,34.854976,success
"גן לאומי הר הכרמל, חיפה",32.70502655,35.0004943009274,success
גן לאומי הרודיון,31.66618245,35.24215533651562,success
"גן לאומי חוף השרון, הרצליה",,,failed
"גן לאומי ירקון - אפק, בתאטרון הרומי",,,failed
גן לאומי כורזים,32.507023,34.89426,success
"גן לאומי כורזים, כורזים",,,failed
"גן לאומי מגדל צדק, ראש העין",32.076293199999995,34.958596348311815,success
"גן לאומי ממשית, דימונה",31.024018400000003,35.06484146108714,success
"גן לאומי עבדת, כביש ב""ש-מצפה רמון",,,failed
"גן לאומי עין חמד, ירושלים",31.797361449999997,35.126016440337736,success
"גן לאומי קיסריה, מחוץ לחומות",,,failed
"גן לאומי תל אפק, תל אפק",,,failed
"גן סאקר , מתחת התחנה לחקר ציפורים",,,failed
"גן ציבורי - כפר גבירול, אטד, רחובות",,,failed
גן-לאומי חוף שרון,32.242212,34.824249,success
גשמורת טבע גדור,,,failed
גשרון אוהד,31.23597,34.42937,success
גשרון אוהד (Gishron Ohad - probably a specific spot within the Sharon),,,failed
"גת ביזנטית, כביש אורה, ירושלים",,,failed
"ג׳סר אזרקא, גבעת האדירים,חורבת מלח",,,failed
דאלית אל-כרמל,32.6922393,35.0482785,success
"דב גרונר 29, תל אביב-יפו, ישראל",32.126678,34.807351,success
"דובדבן 4, צורית, ישראל",32.8008614,35.503039,success
דולינת סלעם בחרמון,,,failed
דורה,31.5065977,35.0263669,success
"דיר אל מוחרקה מנזר הכרמליתים, דאלית אל-כרמל",,,failed
דליה,32.6922393,35.0482785,success
דלית אל-כרמל,32.6922393,35.0482785,success
דפנה,33.2303715,35.6392634,success
דרום הר חברון,31.6119101,34.778412,success
דרום הר חברון - יער יתיר,,,failed
דרום מזרח הר הכרמל,,,failed
דרום מערב קיבוץ דליה,,,failed
דרום רמת הגולן - ליד צומת כורסי,,,failed
דרומית לחוף טנטורה,,,failed
"דרך 1, ירושלים",31.7938021,35.2296619,success
"דרך אלי הורוביץ, כפר סבא",50.4143,5.59059,success
דרך בורמה - יער אשתאול,,,failed
דרך בורמה יער אשתאול,,,failed
"דרך גבעות הכורכר 21/03, נס ציונה",38.479011,-99.916175,success
"דרך גבעות הכורכר, נס ציונה",31.931319,34.785664,success
דרך גלעד מיצהר לקדומים,,,failed
דרך האבות בין אלון שבות לנווה דניאל,,,failed
דרך הבשור ליד סוללת הרכבת,,,failed
דרך הבשור צפונית לתל שרוחן,,,failed
"דרך החורש, שוהם",32.0038689,34.9602113,success
"דרך הים, הוד השרון",32.0643775,34.8811753,success
"דרך המלך, גבעת שמואל",32.0742885,34.8568197,success
דרך המשלטים בהרי ירושלים מעל שער הגיא,,,failed
"דרך הפארק/הזמיר, נתניה, ישראל",32.305224,34.88071,success
דרך הפסלים יער צרעה,,,failed
דרך הקיסר - הדרך מחורבת חנות עד לבור המים,,,failed
"דרך הקיסר, לפני המדרגות הרומיות הדרומיות",,,failed
"דרך יותם, אילת",29.555455,34.945432,success
דרך מעגלית בהר תבור מובילה לשביל החלמוניות,,,failed
"דרך נדב, מאחורי גן החיות",,,failed
דרך נוף ביריה,32.998784,35.516539,success
דרך נוף דרומית גבעת יערים,,,failed
דרך נוף הגלבוע כביש 667,,,failed
"דרך נוף כרמל, מתחת המוחרקה",,,failed
"דרך נוף כרמל, עיספיא",,,failed
דרך נוף נחל שקמה,31.837556,34.782553,success
דרך נוף נחל שקמה וקיבוץ אור הנר,-34.438003,138.85077,success
"דרך נחל שיקמה, דרומית לשער המזרחי של קיבוץ אור הנר.",,,failed
"האורנים, כפר שמריהו",32.1924996,34.822899,success
"האחו הפורח, הבנים, באר יעקב",,,failed
"האירוסים, נס ציונה",31.9325683,34.7986288,success
"האלון 321, גבעון החדשה",31.8479339,35.1571965,success
הבית הלבן ליד חורבת מעון,,,failed
"הג'ובה הגדולה , יער אודם , רמת הגולן",,,failed
הג'ובה הגדולה ביער אודם,,,failed
הג'ובה הגדולה יער אודם,,,failed
הגבעה בצומת גורל,,,failed
הגבעה האדומה,32.325104,35.007827,success
הגבעה המזרחית לתל חצור,,,failed
הגבעה הצפונית (Northern Hill),32.9143552,35.360161,success
הגבעות דרומית לצומת גורל,,,failed
הגבעות דרומית מזרחית ליישוב מיתר,,,failed
הגבעות הדרומיות,31.872964,35.01101503966667,success
"הגג החי הצמוד לכנסת, התחנה לחקר ציפורי ירושלים",,,failed
הגולן,33.0408017,35.7392885,success
הגולן בריכת בראון,33.1433987,35.77350312415254,success
הגולן יער אודם,33.2282263,35.74726371947365,success
הגולן צומת המפלים,32.9862511,35.7505475,success
הגולן קבר שייח מרזוק,,,failed
הגולן-יער אודם,33.2282263,35.74726371947365,success
הגולן-עין נשוט,,,failed
הגלבוע (The Gilboa Mountain),42.408462,-74.529199,success
הגלבוע בנחל יצפור,,,failed
הגלבוע-שביל האירוסים בהר ברקן,,,failed
הגליל העליון,32.9810078,35.556009887558595,success
הגליל התחתון,32.932949,35.4268286,success
הגליל התחתון עמקים וגלבוע,,,failed
הגליל התחתון עמקים-גבעת המורה,,,failed
הגליל התחתון-הר טורען,,,failed
"הגן הבוטני בירושלים, הגן הבוטני, זלמן שניאור, ירושלים",,,failed
"הגן הלאומי גבעות הכורכר נס ציונה, דרך גבעות הכורכר, נס ציונה",,,failed
"הגן הלאומי גבעות הכורכר נס ציונה, הכורכר, נס ציונה",,,failed
הדסה עין כרם,31.7649565,35.15001683838628,success
הדרך לאנדרטת מגילת האש,,,failed
הוד השרון שביל התיכון,32.1463346,34.8909407,success
הזורע,32.6437923,35.1206465,success
"החווה האורגנית טור סיני, זאב טור סיני, ירושלים",,,failed
החוף,32.411485,34.8719037,success
החוף הדרומי של אשדוד,,,failed
"החל דימונה, ליד שכונת נווה חורש בדימונה",,,failed
החלק הצפוני מזרחי של לע הר הגעש בקרני חיטין,,,failed
החרמון,32.0110353,34.7930275,success
החרמון - תצפית גבעות הקרב (הרכב העליון),,,failed
החרמון הר קטע,33.311174,35.779027,success
החרמון הר-קטע,33.311174,35.779027,success
הטיילת בין כפר חרוב (מצפה השלום) למבוא חמה,,,failed
הטיילת הדרומית של נהריה,,,failed
הישוב כפר אלדד - למרגלות הרודיון,,,failed
הישוב קדומים - הר אפרים,,,failed
הישוב קדומים בשומרון,,,failed
הישוב קדומים בשומרון ונחל תאנים,,,failed
הישוב קדומים וסביבתו,,,failed
הכביש הישן המוביל מחדרה לזכרון. באזור זכרון יעקב,,,failed
הכביש לפסגת הר מירון,,,failed
הכפר הנטוש ליפתא. בכניסה המערבית לירושלים,,,failed
הכרמל,31.7837302,35.2122961,success
הכרמל  מול חורשת הארבעים,,,failed
הכרמל - שביל היערן,32.067153,34.766319,success
הכרמל -נחל מעפילים.,32.738679,35.066183,success
הכרמל בדרך ל-יערות הכרמל,,,failed
הכרמל בעליה להר שוקף,,,failed
הכרמל הר שוקף,32.7035274,35.01867204154142,success
הכרמל חורשת הארבעים,,,failed
הכרמל חיפה,32.4290171,34.881184,success
הכרמל ליד מצפור הסיירים,,,failed
הכרמל מעל עין אלון,,,failed
הכרמל רמות מנשה והשרון,,,failed
"הכרמל, כביש  מחניון האגם לגבעת וולפסון",32.067153,34.766319,success
הכרמל-חורשת הארבעים,,,failed
הכרמל-נחל מעפילים,32.738679,35.066183,success
הכרמל-נחל מעפילים.,32.738679,35.066183,success
"המאה ואחד, נס ציונה",31.9376536,34.7925049,success
"המגרסות 1, מבשרת ציון, ישראל",31.791294100000002,35.138815550000004,success
המדרגות המטפסות למערת אצבע,,,failed
המורדות הצפוניים שמעל לנחל מחניים,,,failed
"המכללה האקדמית תל-חי, 9977, קרית שמונה",32.047692,34.759968,success
"המלך חסן השני, קרית עקרון",31.8599211,34.8109347,success
המסלול המתואר להר הילל,,,failed
המערה,32.1994662,35.4366934,success
המפל השחור,32.8304092,35.7611425,success
המצוק הגדול ליד ארסוף,,,failed
המצוק הצפוני של הארבל,,,failed
המצוק מעל הים בשמורת האירוסים,,,failed
"המצפ-תל, ירושלים",31.563911,35.031387,success
הנגב,30.5,34.9166667,success
"הסטף, צובה",,,failed
הספינה הטבועה,32.105375,35.173942,success
"העיר יבנה, שולי הפרדס בדרום מערב העיר",,,failed
הפינה הצפון מזרחית בחומת העיר עכו,,,failed
"הפלוגות 22, חיפה, ישראל",32.826833,35.0721079,success
"הפנינה, נהריה, ישראל",33.0422952,35.1027312,success
הקישון בין עין אלרואי לג'למה,,,failed
הקישון ליד רכבת העמק אלרואי,,,failed
"הר  התבור, דרך  קקל  טבעתית  בתבור.",,,failed
הר  קטע,31.961279,35.396899,success
הר אדיר (אזור התצפית לכיוון לבנון ),,,failed
הר אדמון,33.2268654,35.5700878,success
הר אדמון הגליל העליון,,,failed
הר אדמי מעל בקעת יבניאל,,,failed
הר איתן 788,32.1907428,35.2642685,success
הר אלון,33.270513,35.7414695,success
הר אלון (Har Allon/Mount Allon),,,failed
הר אלון (Har Alon - Mount Alon),,,failed
הר אלון (Har Alon/Alon Mountain),,,failed
הר אלון (Har Alon/Mount Alon),,,failed
הר אלון (Har Elon - Elon Mountain),,,failed
הר אלון (Har Elon),,,failed
הר בן זמרה,33.037802,35.465446,success
הר בנטל,33.1289076,35.7856266,success
"הר בנטל, מרום גולן",33.117337,35.77943200150507,success
הר ברקן 497,32.510062,35.408771,success
הר ברקן בשביל העולה לכוון מגדל התצפית,,,failed
הר ברקן שביל האירוסים,,,failed
הר גודרים,33.046669800000004,35.38337015367402,success
הר גלבוע  מורדות מזרחיים,,,failed
הר הבנים רמת-גן,32.0758939,34.8213322,success
הר הגלבוע,32.0644522,34.8468614,success
"הר הגלבוע, נחל יצפור.",,,failed
הר החרמון,33.4168703,35.8564496,success
הר הטייסים בדרך העולה לאנדרטה,,,failed
הר הטייסים ורכס כסלון,,,failed
הר הילל - שמורת הר מירון,,,failed
הר הילל בתוך השמורה של אדמונית החורש,,,failed
הר הלל - שביל האדמוניות,,,failed
"הר הלל ע""י עין זקן",,,failed
הר הלל שביל האדמוניות(שחור) בשמורת הר מירון,,,failed
הר הלל שביל האדמונית,,,failed
"הר הלל, שביל האדמוניות",,,failed
הר הלל- בית ג'אן,,,failed
"הר הנגב  - מעלה עריף , נחל לוץ .",,,failed
הר הנגב - נחל אליאב,,,failed
הר הנגב בדרך לבורות לוץ,,,failed
הר הנגב ירוחם שמורת החלמוניות,,,failed
הר הנגב ירוחם שמורת החלמוניות.,,,failed
הר הנגב שמורת אירוס ירוחם,30.98822,34.93176,success
הר הנגב-שמורת אירוס ירוחם,30.98822,34.93176,success
"הר הקפיצה, נצרת",32.6823736,35.3012298,success
"הר הרצל, ירושלים",31.772361150000002,35.181634190650314,success
הר השאבי  - בדרך לחוות חלב עם הרוח,,,failed
"הר זיו, מעל נחל כזיב",,,failed
הר זיכרונה.מזרחית לזכרון יעקב. בחלק הצפוני.ראש ההר.,,,failed
"הר זיכרונה.מזרחית לזכרון יעקב.בראש ההר בחלק הצפוני.עליה מחניון תשבי,עי",,,failed
הר חבושית חרמון,33.304529,35.77793,success
הר חוזק (תל חזקה),,,failed
הר חוזק - רכס בשנית,,,failed
הר חוזק רכס בשנית,,,failed
"הר חז,בשנית",,,failed
הר חזק מתחת לבסיס הצבאי (ברכס בשנית),,,failed
הר חזק מתחת לבסיס הצבאי (רכס בשנית),,,failed
הר חזק- בשנית,29.643582,34.878759,success
הר חזקה (רכס בשני) רמת הגולן,,,failed
הר חזקה רכס בשנית,,,failed
הר חזקה רמת הגולן,32.086795,34.955516,success
הר חלוקים ורכס בוקר,,,failed
הר חרמון,33.3177984,35.8036065,success
"הר חרמון , רכבל תחתון",,,failed
"הר חרמון, אשדוד",31.7839944,34.6308716,success
"הר חרמון,ליד חניון הרכבל התחתון",,,failed
הר חרת - שביל הפסגה,,,failed
הר טורען,32.7959235,35.3745399,success
הר יונה גליל תחתון,,,failed
"הר יונה, נוף הגליל",32.7229623,35.336229,success
"הר יונה, נוף הגליל - שביל היער מרחוב עטרה 6",,,failed
"הר יונה, נצרת עלית",,,failed
הר יונה- שמורת האירוס הנצרתי,,,failed
הר יוסיפון רמת הגולן,33.0566944,35.7969809,success
הר יעלה 664,31.8018017,35.0113446,success
הר כביר - קבר שייח' בילאל,,,failed
הר כחל,33.2849404,35.733324,success
"הר כחל, באזור החרמון",,,failed
הר כסלון,31.773745,35.049282,success
"הר כפיר, סימון שבילים שחור",,,failed
הר כרמילה,31.784748,35.035401,success
הר מירון - בשביל היורד מזרחה מהפסגה,,,failed
הר מירון - השביל היורד לחרבת נריה,,,failed
"הר מירון - חורבת ב""ק ורכס עפאים",,,failed
הר מירון - נחל נרייה,,,failed
הר מירון / שביל הפסגה / שביל שחור,,,failed
הר מירון / שביל הפסגה/ ביהס שדה מירון,,,failed
הר מירון בירידה לחרבת חממה,,,failed
הר מירון בשביל השחור היורד מהפיסגה לישוב מירון,,,failed
הר מירון הגליל העליון,,,failed
הר מירון הכביש לשביל הפיסגה,,,failed
הר מירון והר אדיר,,,failed
הר מירון שביל הפיסגה,,,failed
הר מירון שביל הפסגה,,,failed
הר מירון שביל הפסגה וכביש המוביל לפסגה,,,failed
"הר מירון, גליל עליון מזרחי",,,failed
"הר מירון, מסלול אדום - בס שדה",,,failed
"הר מירון, שביל הפסגה",,,failed
"הר מירון, שביל הפסגה והשביל השחור לחורבות חממה",,,failed
הר מלכיה,33.098867,35.512209,success
"הר נוף, ירושלים",31.7858115,35.1741509,success
הר נפוליאון רמת גן,63.26667,18.69167,success
הר סנסן,31.6998172,35.0802026,success
הר עמשא,31.330998,35.096784,success
הר עצמון  בעלייה מנחל יודפת,,,failed
הר ערקן והר שוקף,,,failed
הר פועה,31.270403,34.762621,success
הר צבאים,31.0502089,35.2426291,success
הר קטע-גבעת הסחלבים,,,failed
הר רמון ובורות לוץ,,,failed
"הר רקית, באזור שהסימון הירוק חותך את הכביש, בכניסה עם הדרך העפר  ועוד",,,failed
הר שוכה (מערבית לעמק האלה),,,failed
הר שוקף (Har Shokef - Mount Shokef),,,failed
הר שוקף (Har Shokef - Shokef Mountain),,,failed
הר שוקף (Har Shokef),32.7082744,35.0261585,success
הר שוקף (Har Shokef/Mount Shokef),,,failed
הר שוקף (Har Shokef/Shokef Mountain),,,failed
הר שוקף / נחל אורן / חורשת הארבעים,,,failed
הר שוקף משמאל לשביל הירוק,,,failed
הר שזור במסלול המעגלי ליד חרשים.,,,failed
הר שיפון רמת הגולן,33.0693037,35.7690999,success
הר תבור - שביל החלמוניות,,,failed
הר תבור - שביל הפסגה,,,failed
הר תבור - שביל ישראל,,,failed
הר תבור שביל  פסגה,,,failed
"הר תבור, 600מ'' בדרך עפר הראשונה ימינה מכביש העליה לתבור",,,failed
"הר תבור, כל רחבי הגולן",,,failed
הר תבור- צמוד לשער הנוצרי בראש העליה,,,failed
"הר תורען, בועיינה-נוג'ידאת",,,failed
הר-חרמון בכביש ליד מזחלות ההרים,,,failed
"הרב הרצוג, פתח תקווה",32.0967779,34.8974744,success
"הרוזמרין, ירושלים",31.732017,35.2040131,success
הרי בינימין,32.069563,34.770511,success
הרי הכרמל בעלייה למצפה עופר,,,failed
הרי יהודה,32.0611545,34.8712942,success
הרי יהודה  וירושלים,33.226486,35.570539,success
הרי יהודה - יער שורש,,,failed
הרי ירושלים בסמוך לבת עין,,,failed
הרי ירושלים והשפלה,31.915894,35.031354,success
הרי תמנע,32.026341,34.796395,success
הריאשונים,,,failed
"הרקפת, גני יוחנן",31.8582734,34.8464689,success
"השביל האדום של נחל כלח, כרמל",,,failed
השביל הירוק מחניון יהדות תימן למגילת האש,,,failed
השביל הכחול (קרן ברתות) בנחל כזיב,,,failed
השביל השחור העולה להר הילל,,,failed
השביל השחור העולה לעבר הר הילל,,,failed
"השביל השחור מהילה לנחל כזיב, קצת מתחת למסעף קרן בר",,,failed
השביל השחור שווצריה הקטנה,,,failed
השדה,31.962824,34.7947726,success
"השיזף 55, עין ורד, ישראל",32.2706407,34.9297139,success
"השילוח, טבריה, ישראל",32.7782415,35.5444861,success
"השלוחה המערבית לרמת בגין, חיפה",,,failed
השפלה,32.0626058,34.778532,success
השפלה גבעות הכורכ נס-ציונה,,,failed
השרון,34.2411114,35.9812546,success
השרון (Sharon Plain),-33.781412,150.831498,success
השרון חדרה קיסריה,32.43645,34.91956,success
השרון-שמורת גדור,32.4226745,34.87123204832532,success
"התדהר, אור עקיבא",32.5237004,34.9205717,success
התל הנמצא בשמורה,,,failed
התרמון,,,failed
ואדי,39.9138481,44.7224953,success
ואדי אל חכם,32.858075,35.309674,success
"ואדי עוג'א- נחל ייט""ב",,,failed
ואדי עין זרקא (מתחת לבית אריה),,,failed
ואדיות בעיר ערד,,,failed
ואדיות בערד,,,failed
וגם כשנוסעים לכיוון כפר נטר יש שדות של פריחה,,,failed
וואדי,44.2107377,43.134969,success
וואדי (Wadi - valley),25.739912,32.601598,success
"ורדית 13, להבים, ישראל",31.3684538,34.8133583,success
"ורשבסקי/אריה בינה, ירושלים",31.727709,35.218277,success
"ורשבסקי/שמואל מאיר, ירושלים",31.7294926,35.2194216,success
זיכרון יעקב,32.0493276,34.854517854957095,success
זיכרון יעקב (Zichron Yaakov),32.5804271,34.9463455,success
זכרון יעקב,32.5711587,34.9529966,success
חבל עדולם - שפלת יהודה,,,failed
חבצלת השרון,32.3610498,34.8616896,success
"חבצלת השרון, חדרה",32.4259496,34.8837567,success
חד נס,32.928396,35.6429709,success
"חדר כושר - סטודיו בית האבן, לוי אשכול, כפר סבא",,,failed
"חדר כושר בית האבן, לוי אשכול, כפר סבא",,,failed
חדרה,32.4372594,34.919192077487,success
"חוות הנוי-גן בוטני רשום, דרך הרימון, כפר מונש",,,failed
חוות מקורה,32.6377023,35.0080359,success
חוות משה זר ליד קרני שומרון,,,failed
חוות סוסים בית אורן,31.944963,35.230198,success
חוות עדולם,31.650623,35.002033,success
חוות עמק השלום,32.643127,35.094024,success
חוות רונית,32.2304496,34.84313537213172,success
חוות רונית (Havat Ronit - Ronit's Farm),,,failed
"חולון, גינת השומרון",,,failed
חולות אביחיל,32.352262,34.871924,success
"חולות אשדוד, חולות הרצליה",,,failed
"חולות הרצליה, שמורת הבונים-דור",,,failed
חולות חלוצה ליד צאלים,,,failed
חולות חלוצה-נווה,31.076104,34.430836,success
חולות כיסוי,31.076104,34.430836,success
חולות כסוי,29.969287299999998,34.986573222337796,success
חולות מדרום לאשקלון,,,failed
"חולות עגור ,נחל לבן",,,failed
חולות שונרה,30.9666624,34.5333346,success
חומות משכנות שאננים בירושלים,,,failed
חומת עכו קצה צפון-מערבי,,,failed
חומת שמואל+גבעת הארבעה,,,failed
חוף אכזיב צפון ליד החורשה,,,failed
חוף ארסוף,32.2141274,34.8168147,success
"חוף בוסתן הגליל, 50 מ' דרומית לנחל יסף",,,failed
חוף בית ינאי שפך האלכסנדר,,,failed
חוף בצת,33.080864250000005,35.106200126265364,success
חוף בצת חולות מדרום למגרש החנייה,,,failed
חוף געש,32.2288879,34.8234798,success
חוף דור הבונים,32.6418611,34.9242222,success
חוף דור נחשולים,32.605658,34.952011,success
חוף דור-נחשולים,32.605658,34.952011,success
חוף הבונים ליד השביל הירוק קרוב לכניסה,,,failed
"חוף הבתולה קרית ים, שדרות פנחס ספיר, קרית ים",,,failed
חוף הים של נהריה,,,failed
חוף הכרמל,32.8056871,34.955175649924456,success
חוף הצוק ת״א,32.143759,34.790943,success
חוף ים מול מגדים,,,failed
חוף נהריה שפך נחל סער,,,failed
חוף פלמחים שפך נחל שורק,,,failed
חוף ראש הנקרה - מצפון למעגל התנועה,,,failed
"חוף ראש הנקרה, מנהרות הרכבת בראש הנקרה",,,failed
חוף רידינג תל-אביב,32.098687,34.778095,success
חוף רשפון,32.1995547,34.8244371,success
חוף שבי ציון דרום,,,failed
"חוף שפיים, שפיים, ישראל",32.2143839,34.820520696421795,success
"חוף תל ברוך, תל אביב יפו",32.12202265,34.78283718696428,success
חוצה ישראל מקלקיליה ועד ברקאי,,,failed
חורבות בית תול בהר הרוח,,,failed
"חורבת בורגין, נחושה",,,failed
"חורבת דורבן, ליד מושב מטע",,,failed
"חורבת המלח, התדהר, אור עקיבא",,,failed
חורבת חנות,31.7116879,35.04696634072516,success
חורבת כרך ונחל רקפת,,,failed
"חורבת כרך, מוחרקה ונחל רקפת עילי",,,failed
חורבת מדרס,31.6559382,34.9374688,success
"חורבת מדרס, שפלת יהודה",,,failed
חורבת מלח,33.0667152,35.2471237,success
חורבת מלח באור עקיבא,,,failed
חורבת מצדית יער המכללות נווה אילן,,,failed
"חורבת ניחה, מצפון לכפר גלעדי",,,failed
חורבת נכס,31.8887136,34.9570686,success
חורבת נכס ליד ישפרו סנטר מודיעין,,,failed
"חורבת נכס, המכונאי, מודיעין מכבים רעות",31.8887136,34.9570686,success
"חורבת נכס, מודיעין מכבים רעות",31.8887136,34.9570686,success
חורבת סהר- ג. המורה,,,failed
"חורבת סומק, צפונית לגת המערבית",,,failed
חורבת סוסיתא,32.778481,35.659594,success
"חורבת סמארה, עמק חפר",32.3921242,34.877739,success
חורבת סמרה נחל אלכסנדר,32.385924,34.8646,success
חורבת סנסן,31.685411,35.001441,success
חורבת עמודים,32.814795,35.40945,success
חורבת ענים,31.3527991,35.06377,success
חורבת עקד,32.4767213,35.3861061,success
"חורבת קירה, עמק השלום, יוקנעם עילית",,,failed
"חורבת רקית, חיפה",,,failed
חורבת שוכה,31.68223,34.973703,success
חורבת שוכה (צמת האלה כביש 375),,,failed
חורבת שוכה - גבעת התורמוסים,,,failed
חורבת שמע,32.9771477,35.43974523850482,success
חורבת שרישה,31.821396,34.939353,success
חורש מסביב לחניון רקית בכרמל,,,failed
חורשה מצפון למנזר בית ג''מאל,,,failed
חורשת ארבעים שביל מוליך לנחל נשר,,,failed
חורשת דרזנר מערות השומרונים,,,failed
חורשת ה-40 בכרמל,,,failed
חורשת הארבעים (40) מול הכניסה לחי בר הכרמל,,,failed
חורשת הארבעים - דרך הדורות,,,failed
חורשת הארבעים על הכרמל ליד האוניברסיטה,,,failed
"חורשת הארבעים, הכרמל",,,failed
"חורשת הארבעים, חורשת ה40, נשר",32.7550259,35.0272706,success
"חורשת הארבעים, נשר",32.7550259,35.0272706,success
"חורשת הארבעים, סמוך לבסיס צה""ל",,,failed
"חורשת הסרג'נטים, נתניה",32.30428905,34.87719030589204,success
"חורשת הסרג'נטים/האוניברסיטה, נתניה, ישראל",32.306781,34.877867,success
"חורשת הסרג׳נטים ,נתניה",32.30428905,34.87719030589204,success
חורשת טל,33.2212094,35.63011326269683,success
חורשת עפולה,32.443672,35.518986,success
חורשת רמת הכובש,32.218542,34.938882,success
"חזון אי""ש, חדרה",32.4380277,34.8896627,success
חזקה בשנית,,,failed
"חזקה,בשנית",,,failed
"חי בר כרמל, חיפה",32.75346265,35.011023591304806,success
חיבור נחל חיק ונחל אורן,,,failed
חיפה  לאורך דרך סטלה מריס,,,failed
חיפה גבעת העיזים,32.772973,34.984492,success
חיפה גבעת העיזים.,32.772973,34.984492,success
חיפה וצפון הכרמל,32.793514,34.957457,success
חיפה חורשת הארבעים,32.7550259,35.0272706,success
"חיפה נחל איזוב ליד מבנים נטושים, האכסניה",,,failed
חירבת בית לויה (צפונית לאמציה),,,failed
חירבת חני (קולה),,,failed
חירבת מזין,31.683937,35.432594,success
חירבת משושה בגבעה מול בקוע,,,failed
חירבת נר בדרך לישוב מירב,,,failed
חירבת סעדים,31.751,35.129395,success
"חירבת ענים, סמוך לישוב שני",,,failed
חירבת-חרמש,31.960458,35.151005,success
חל תלכיד +נחל פיראן,,,failed
חמדת,32.2513954,35.5263151,success
חניון איצטדיון טדי - ירושלים,,,failed
חניון גרשון וחנה הדס בפארק עצמאות ארה,,,failed
חניון גרשון וחנה הדס בפארק עצמות ארה,,,failed
"חניון גרשון וחנה הדס בפארק עצמות ארה""ב",,,failed
חניון האגם,32.72267155,35.009904728667664,success
חניון האגם ועין אלון,,,failed
"חניון האגם, חיפה",32.72267155,35.009904728667664,success
חניון האירוסים,32.5044011,35.4129487,success
חניון האקליפטוס,33.1958382,35.62690280895114,success
חניון הסטף העליון,31.775476,35.126925,success
"חניון הפרפר, כביש 353",31.684058,34.927637,success
חניון הר לפידים  בגלבוע,,,failed
חניון הר נדב בגלבוע,,,failed
חניון הרב גרשון וחנה הדס,32.117667,34.807007,success
"חניון הרועה, רכס בוקר",,,failed
"חניון חנה וגרשון הדס, ליד מערת הנטיפים",,,failed
חניון חנה וסע,31.7670873,35.19532175962429,success
"חניון יער היערנים, נשר",32.7511866,35.0479692,success
חניון יער קרן הכרמל,,,failed
"חניון להבים חלמוניות, להבים",,,failed
"חניון לילה בעין עקב, נחל חווה",,,failed
"חניון לילה בר גיורא, בר גיורא",,,failed
"חניון לילה נחל ימין, דימונה",,,failed
חניון מול אנדרטה לצ'לנדג'ר כביש 3866,,,failed
חניון מערת הנטיפים,31.755878,35.023751,success
חניון מצפה מודיעין/הורדה,,,failed
חניון משרדי פרק הכרמל,,,failed
חניון נחאביר,31.429643,34.468575,success
חניון נחל דישון,33.069074,35.476957,success
חניון נחל קדש,33.1189633,35.5672765,success
חניון נחל קטלב,31.740951,35.074629,success
"חניון סטף עליון, ירושלים",,,failed
"חניון צ'רצ'יל, נוף הגליל",,,failed
חניון רקית,32.714344,35.0129051,success
חניון רקית הכרמל ישראל,32.714344,35.0129051,success
חניון רקית פיקניק,32.714344,35.012905,success
חניון שביל הפיסגה הר מירון,32.117667,34.807007,success
חניון שריגים,31.6772878,34.9287759,success
חניית שמורת אלוני יצחק,,,failed
חניתה,33.0874108,35.1733471,success
חספין,32.8450731,35.7928356,success
"חצב, ישראל",31.7792702,34.7693634,success
"חר' סומקה, חר' דרג'",,,failed
"חרבת בית לויה, אמציה",,,failed
חרבת דורבן ליד הישוב מטע (חפשו באתר עמודענן),,,failed
חרבת דרבן,30.570323,34.637239,success
חרבת דרדר -צור נתן,,,failed
חרבת חנות,32.794038,35.143874,success
חרבת חנות - עין מטע - עין תנור,,,failed
חרבת חנות ועין מטע,,,failed
חרבת מדרס מול צפרירים,,,failed
חרבת נכס,32.794038,35.143874,success
חרבת סמארה נחל אלכסנדר,32.385924,34.8646,success
חרבת עתרי אשר בשפלת יהודה,,,failed
חרבת קלעה במסלול הירוק ליד פדואל,,,failed
חרבת קנובה וחרבת בארית,,,failed
חרבת שרישה,31.8213963,34.9393529,success
חרמון הר קטע,33.317798,35.803607,success
חרמון עמק מן,32.0157873,34.8376198,success
חרמון רכבל עליון מעל עיקול בננה,,,failed
חרמון רכבל תחתון,,,failed
"חרמון, מבשרת ציון",31.8066984,35.1493827,success
טברי כינרת והעמקים,,,failed
טבריה כינרת והעמקים,,,failed
טורעאן הר,32.7959235,35.3745399,success
טחנת הנזירים,32.764807,35.1569097,success
טיילת אלרואי טבעון,,,failed
טיילת אלרואי טבעון (Alroy Tivon Promenade),,,failed
"טיילת מפגש הנחלים, שדה נחמיה",,,failed
טל שחר,31.80506,34.9022119,success
טסט,22.2985604,114.1736032,success
טעות בשם ובמשפחה!!!,,,failed
"טרומפלדור 5, קרית מוצקין, ישראל",32.8369966,35.0745997,success
"יחיאל דב דרזנר 45, תל אביב-יפו, ישראל",32.127331,34.806524,success
"יחיאל דב דרזנר, תל אביב יפו",32.1271736,34.8053568,success
יישוב איתמר,31.664753,34.796081,success
"יישוב דֹּלב, מערב בנימין (לא רחוק ממודיעין)",,,failed
ים המלח ומדבר יהודה,,,failed
יער אודם רמת הגולן,33.2282263,35.74726371947365,success
יער אודם שביל אדום וכביש סלול,33.228921,35.747767,success
יער אודם(שביל אדום),33.228921,35.747767,success
"יער אודם, הג'ובה הגדולה",,,failed
יער אילנות (ליד קדימה),,,failed
"יער אילנות חניון מונגש, יער אילנות מזרח, קדימה צורן",,,failed
"יער אילנות, קדימה צורן",32.29185075,34.90694983215647,success
יער אלונה,32.5483434,35.01814423483101,success
יער אלוני יצחק - גליקסון,,,failed
יער אליקים,32.655056650000006,35.10964601878395,success
"יער אליקים, בין מחלף אליקים לדליית אל כרמל",,,failed
"יער אמציה  [שטח אש ח""א81]מדרום לכרמים",,,failed
יער בית קשת וצות גולני,,,failed
"יער בית קשת, דרך נוף",32.710723,35.37925,success
"יער בית קשת, נוף הגליל",32.755392549999996,35.368854419431216,success
יער בכניסה למושב צלפון/גיזו,,,failed
יער בלפור ליד מגדל העמק,,,failed
יער בן שמן - מצפה מודיעין,,,failed
יער ברזיל,31.7684682,35.1721537,success
יער בריטניה - תל עזקה,,,failed
יער ברעם,33.04663495,35.43954952285262,success
יער ברעם כ 200 מטר מהכניסה משמאל לשביל,,,failed
יער ברקת ויער קולה ליד שוהם,,,failed
יער גברעם,31.5866183,34.62454526852734,success
יער גברעם בסמוך לסינגל גברעם,,,failed
"יער גברעם, גברעם",31.5866183,34.62454526852734,success
"יער דודאים, צפונית לצומת גורל ישנו שלט גדול וירידה ימינה ליער דודאים",,,failed
"יער דודאים: כביש 40 בין צומת גורל לבין צומת להבים, בצד המזרחי",,,failed
יער הדודאים קצת צפונה לבאר שבע,,,failed
"יער הזיכרון ליהדות פולין, נטף",,,failed
יער החמישה,31.8154005,35.127401578780805,success
"יער החמישה, ליד אנדרטת הצבי",,,failed
יער המגינים,31.840910100000002,34.928573813589665,success
"יער המגינים, כרמי יוסף",,,failed
יער המלאכים ותל לכיש,,,failed
יער המלאכים שחריה,,,failed
יער הנשיא - דרך הפסלים,,,failed
יער הנשיא - הר תנופה,,,failed
"יער הנשיא - צרעה, דרך הפסלים",,,failed
יער הנשיא ליד צרעה,,,failed
יער הקדושים  - דרך כחולה,,,failed
יער הקדושים - כניסה מערבית,,,failed
יער הקדושים -השביל הכחול,,,failed
יער הקדושים חניון כסלון (ליד עין כסלון ותל כסלון),,,failed
"יער הקדושים, אשתאול",,,failed
"יער הקדושים, הרי יהודה",,,failed
יער הרקפות ליד טל שחר,,,failed
"יער הרקפות, דרך הפרחים, כוכב יאיר צור יגאל",,,failed
יער חגית,32.618754,35.040893,success
יער חגית (יער לקוחות חברת החשמל),,,failed
יער חדרה - קרוב לכביש הראשי,,,failed
"יער חולדה, חולדה",32.1934351,34.9358521,success
יער חורשים בדרום השרון,,,failed
יער חורשים בכנסה לכביש החניון,,,failed
"יער חרובית, פארק הלוחם, לאורך שביל הדסה (השביל המסומן בירוק)",,,failed
"יער ירושלים, חירבת סעדים",,,failed
"יער ירושלים, ירושלים",31.78209835,35.186090300248225,success
"יער כוכב יאיר, כוכב יאיר צור יגאל",32.222569050000004,34.98520908252976,success
"יער כח, ליד אלעד. השביל השחור (סיור בעקבות לוחמים)",,,failed
יער כרמית,31.7656059,35.1686206,success
יער לביא,32.772754750000004,35.41424153767271,success
יער לביא - ליד בית קברות מוסלמי עתיק,,,failed
יער לביא- בפנייה ימינה בהתאם לשילוט בכביש צומת גולני טבריה,,,failed
יער לביא- פונים ימינה בכביש צומת גולני-טבריה בשילוט,,,failed
יער להב  יש שילוט.,,,failed
יער להב ליד הישוב להבים,,,failed
יער להב שביל הזהב,31.390319,34.853124,success
יער לוקסמבורג,32.04977,34.959024,success
"יער לח""י",32.04977,34.959024,success
יער לנדאו יער השומרים,,,failed
יער מבוא חמה - דרום רמת הגולן,,,failed
יער מגינים ליד כרמי יוסף,,,failed
יער מירון - דרומית לצומת מירון,,,failed
יער נחשונים,32.027982300000005,34.965530614933094,success
"יער נחשונים, איזור הישוב אלעד",,,failed
יער נתניה,32.30428905,34.87719030589204,success
"יער נתניה - חורשת הסרג'נטים, נתניה",32.30428905,34.87719030589204,success
יער סעד,9.891902,23.670198,success
"יער עופר (לפני העלייה למצפה עופר, על השלוחה הדרומית יותר)",,,failed
"יער עופר, לפני העלייה למצפה עופר. שלוחה דרומית.",,,failed
יער עמינדב מסביה לחרבת סעדים שיא הפריחה,,,failed
"יער עמינדב, עמינדב",31.7524036,35.13139448825566,success
יער צורעה לאורך דרך הפסלים,,,failed
יער צרעה חניון שאול,,,failed
יער קדימה,32.270097500000006,34.92429764439522,success
יער קדימה ליד עין שריד,,,failed
"יער קדימה, קדימה צורן",32.270097500000006,34.92429764439522,success
יער קולה ליד ראש העין,,,failed
יער קוממיות ליד מצודת יואב,,,failed
יער קפלן בכפר סבא,,,failed
"יער קרית אתא, קרית אתא",32.80837425,35.07897286320876,success
יער קרן הכרמל,32.698807,35.06289152945017,success
יער ראש העיין - שביל הפריחה,,,failed
יער ראש העין בתחילת שביל הפריחה,,,failed
יער ראש העין ושביל הפריחה,,,failed
"יער ראש העין, ה' באייר, ראש העין",,,failed
"יער ראש העין, ראש העין",32.09783675,34.97289273980424,success
יער ראש פינה,32.958985350000006,35.5367114055375,success
"יער שוהם, יער אלעד, גבעת תיתורה במודיעין",,,failed
"יער שוקדה, בתרונות בארי, שמורת פורה, הגבעה מול חוות שקמים",,,failed
"יער שוקדה, שוקדה",,,failed
יער שחריה (יער המלכים),,,failed
יער שחרייה,31.59569935,34.8299182132199,success
יער שחרייה (Shachariya Forest),,,failed
יער שמחוני,31.475475449999998,34.52296313628885,success
יער תקוע,31.6614,35.2267139,success
"יערות הכרמל-ליד החניונים בין העצים,בחי בר בכניסה",,,failed
יערות מנשה,31.895502,34.982493,success
"יקב פלם, הקדושים, אשתאול",,,failed
יקינטון המים,31.858774,34.919834,success
יקנעם,32.6480601,35.0943545,success
יקנעם עילית,32.6480601,35.0943545,success
יקנעם עילית (Yokneam Illit - Upper Yokneam),,,failed
יראון,33.0777838,35.455753,success
ירוחם שמורת האירוסים,32.283726,34.839232,success
ירוחם שמורת החלמוניות,,,failed
ירוחם-שביל החלמוניות,,,failed
ירושלים -  פארק המסילה,31.7533148,35.2094905,success
"ירושלים וכבישים מספר 38, 395, 375 ו-386",,,failed
ירושלים רבתי,31.737049,34.976164,success
ירושלים רבתי (Greater Jerusalem),,,failed
"ירושלים, עמק לבן!",,,failed
ירקון גן לאומי,32.1144912,34.915712664285714,success
ישוב בני יהודה,32.796646,35.689347,success
ישוב חמדת שבשומרון,,,failed
ישובי גב  ההר,,,failed
"ישיבת איתרי, ירושלים",31.7448765,35.2107703,success
ישפרו סנטר,31.6032969,34.75793814189189,success
"ישפרו סנטר מודיעין, שדרות המלאכות, מודיעין מכבים רעות",,,failed
ישרש,31.915785,34.8499267,success
כביש  767,32.721932,35.565688,success
כביש 1,32.1044665,35.21116814694301,success
כביש 1 וכביש 3965 ממחלף הראל לסטף,,,failed
כביש 10,33.067875,35.1847663,success
כביש 10 מצפה קדש ברנע,,,failed
"כביש 2, חיפה",32.4470965,34.8930217,success
כביש 204 ירוחם דימונה,30.98822,34.93176,success
כביש 211 (באר-שבע-ניצנה)  בקילוטר ה-132 צד ימין,,,failed
כביש 211 אחרי היישוב אשלים,30.96409,34.69934,success
כביש 211 בין אשלים לצומת שיבטה,,,failed
כביש 211 בקילומטר 132,,,failed
כביש 211 בקילומטר 132 משני צידי הכביש,,,failed
"כביש 211 כ-4 ק""מ מערבית לאשלים, ו-ליד ה-ק""מ ה-132",,,failed
כביש 211 לכיוון שבטה בקילומטר 132,,,failed
כביש 222 מערבה-אחרי רביבים בקילומטר 163,,,failed
כביש 222 מערבית לרתמים,,,failed
כביש 222 צאלים רתמיםט[,,,failed
כביש 222 רביבים-צאלים,,,failed
כביש 232 - אזור הישוב עלומים,,,failed
כביש 375/3855,31.6957855,35.01094338860145,success
"כביש 375/מטע, מטע",24.958987,-80.573389,success
כביש 38 מול מסילת ציון,31.76127,34.989123,success
כביש 38/דולמיט,31.7603756,34.9874618,success
"כביש 38/כביש 3855, שפלת יהודה",,,failed
"כביש 3855/הירקון, בית שמש",31.707114,35.007316,success
כביש 395 (צומת אשתאול-סטף),,,failed
כביש 395 מאשתאול לכסלון,,,failed
"כביש 395 מאשתאול לכסלון, ובדרך לאנדרטת מגילת האש",,,failed
כביש 395/כביש 38,31.772833,35.153612,success
"כביש 395/כביש 386, ירושלים",31.772833,35.153612,success
"כביש 42/בית חנן, נס ציונה",31.936937,34.779003,success
כביש 431,31.894236,35.00059,success
כביש 44 בין כפר אוריה לתעוז,,,failed
כביש 44 לכיוון בית שמש מול תעוז ולפני תרום,,,failed
כביש 444 דרומית לאלעד,,,failed
כביש 458 למעלה מכמש,,,failed
"כביש 465, ישראל",32.038121,34.981557,success
"כביש 471/זבוטינסקי, גבעת שמואל",32.067455,34.848716,success
"כביש 6 חוצה צפון, ברקת, פתח תקווה",31.75052,70.80356,success
כביש 6 לכיוון צפון בערך בבקה אל גרביה,,,failed
כביש 6 לצפון בין נחל נרבתא למחלף עירון,,,failed
"כביש 6, בין מחלף קרית גת למחלף שורק",,,failed
"כביש 6666 בעלייה כ-3 ק""מ אחרי המחצבה",31.887091,34.778587,success
כביש 7/כפר נוער כנות,31.808048,34.755538,success
כביש 70 (זכרון-יקנעם),,,failed
"כביש 70, כ- 500 מטר ממחלף אליקים מערבה",,,failed
כביש 7513,32.141405,34.873246,success
"כביש 899, סמוך למלכיה",,,failed
כביש 90 צפון,31.655766,35.116268,success
כביש 959 בין צומת בנטל למאגר בנטל,,,failed
"כביש 98, אלוני הבשן (כניסה להר חזק)",,,failed
"כביש 989 בין מג'דל שמס לנווה אטי""ב",,,failed
כביש אשתאול כיסלון,,,failed
כביש בית שמש-נס הרים,,,failed
כביש גבעת וולפסון,32.720666,35.016199,success
כביש גבעת יערים,32.141405,34.873246,success
כביש גישה לעין חוד,,,failed
כביש הגישה לחורבת רקית,,,failed
כביש הגישה לחניון עין צין,,,failed
כביש החוף צפון - מתלול כורכר צפונה ממחלף זיכרון 10 מ מהכביש,,,failed
כביש הכניסה לאליעד,,,failed
כביש הכניסה לגבעת ברנר מצפון.,,,failed
כביש העליה משפך זהר לערד[בצידי הכביש],,,failed
כביש לגבעת וולפסון מצד ימין,,,failed
"כביש מספר 1, מנזר לטרון, כביש 424 (רמלה - לטרון) וקיבוץ משמר דוד",,,failed
כביש נס הרים - בית שמש,,,failed
כביש ערד-סדום וכל הנחלים הנשפכים לים המלח,,,failed
כביש222 קצת לפני רביבים,,,failed
כוכב יאיר,32.2201627,34.993953,success
כורכר גברעם בחלק הצפוני ליד אתר גברעם הישנה,,,failed
כוש עציון-אספר,,,failed
כיסופים,31.3741608,34.3994488,success
כיסופים ליד בית הקברות,,,failed
כל נחלים הנשפכים לים המלח,,,failed
כליל,32.9855303,35.2004778,success
כלניות אדומות מרובות בשמורה.,,,failed
"כמון 26, ירושלים",31.732298,35.1818273,success
"כניסה באזור בשטח שרגא רפאלי/רבקה גובר, פתח תקווה",31.75052,70.80356,success
כניסה לאתר מעלה גמלא,,,failed
כניסה לישוב לכיש וביערות הסמוכים,,,failed
כניסה למושב בן זכאי (ביציאה הדרומית מ יבנה),,,failed
כניסה למערת הנטיפים,,,failed
כניסה לנחל גלים באזור חניית הרכבים,,,failed
"כסלון, מגילת האש",,,failed
כפר בלום,33.1723656,35.6101218,success
כפר בן-נון,31.8624687,34.9471855,success
כפר גלעדי,33.2417843,35.5749608,success
"כפר הנוער האורנים - פנימיית אורנים, ישראל",,,failed
כפר יהושע  בכביש הכניסה צד שמאל,,,failed
כפר יהושע בכביש הכביש הכניסה צד שמאל,,,failed
כפר מישר (ליד גדרה),,,failed
כפר סבא מזרח ליד בית האבן,,,failed
כפר עזה,31.4833351,34.5333225,success
כפר רות,31.9101826,35.03409413150449,success
כפר שמאי,32.9574173,35.4579027,success
כפר שמואל,31.8891357,34.9328059,success
כקלומטר ממערב לחרבת בית ענבה,,,failed
כרי נעמן - שוליים צפוניים-מזרחיים של השטח המוצף,,,failed
כרכור גבעת האלון הנבוב,,,failed
"כרכור, פרדס חנה כרכור",32.4760349,34.9945664,success
"כרם מהר""ל, יער עופר",,,failed
כרם מהרל גבעות עופר,,,failed
"כרמיאל, מיצפור שי",,,failed
"כרמיאל, מצפור שי",32.9088074,35.2875499,success
כרמים,31.3356266,34.9190091,success
"כרמים בנימינה גבעת עדה, בנימינה גבעת עדה",32.54940565,34.95456910991059,success
כרמל  (בצד הכביש לגבעת וולפסוןכרמל,,,failed
כרמל - בדרך למערת אורנית,,,failed
כרמל - מסלול טיול רכס אצבע,,,failed
כרמל בדרךלעין אלון,32.092324,34.964173,success
כרמל חורבת רקית,,,failed
כרמל חורשת הארבעים,,,failed
כרמל כביש גבעת וולפסון,32.759586,34.969172,success
כרמל כל אזור שוויצריה הקטנה,,,failed
כרמל ליד עופר,,,failed
כרמל מצוק הארבעים,,,failed
כרמל רכס כרמיה,,,failed
כרמל רמות מנשה,32.596642,35.059053,success
כרמל רמות מנשה והשרון,,,failed
כרמל שביל המערות,32.8007695,34.9807192,success
כרמל שווצריה הקטנה,,,failed
"כרמל, ליד כרם מהר""ל",,,failed
כרמל- מצוק הארבעים,,,failed
"כתף חרמון ,הר עבושית",,,failed
"כתף חרמון, הר כחל",,,failed
"כתף חרמון, מסלול ירוק",,,failed
"כתף חרמון,הר חבושית",,,failed
"כתף שזיף, החרמון",,,failed
"לאורך ""ציר החשמל"" מדרום לרכבל העליון",,,failed
לאורך הטיילת הדרומית של נהריה,,,failed
לאורך המסלול הכחול נחל ספונים,,,failed
לאורך המסלול כחול נחל ספונים,,,failed
לאורך השביל להר שוקף,,,failed
לאורך השביל שמורת רכס בשנית,,,failed
לאורך כביש 232,,,failed
לאורך כביש 38 וכביש 375,,,failed
לאורך כביש 5 מברקן לצומת קסם,,,failed
לאורך כביש 6 בכניסה מאזור תל חדיד(המנהרה),,,failed
לאורך כביש 6 בעיקר בחלקו המרכזי,,,failed
לאורך כביש מספר 1 וכביש מספר 38,,,failed
לאורך כביש מספר 1 ממחלף בן שמן מזרחה,,,failed
לאורך כל השביל הכחול בין יודפת להר עצמון,,,failed
לאורך נחל באר שבע ובצידי דרכים,,,failed
"לאורך נחל באר שבע, ובצידי דרכים",,,failed
לאורך צידי כביש מס' 80+29,,,failed
"לאורך רכס אצבע, על השביל המעגלי השחור",,,failed
להבים- חניון החלמוניות,,,failed
לוזית,31.6877948,34.8877384,success
"לטרון, לטרון",,,failed
ליד אנדרטת כוח ביער קולה על כביש אלעד-שוהם,,,failed
ליד אנדרטת כוח קרוב לאלעד,,,failed
ליד בית ג'אן שמורת הר מירון,,,failed
ליד בית הבד ליד נחל זנוח,,,failed
ליד בית הקברות-מבוא חמה,,,failed
ליד ההירודיון בנחל בין כפר אלדד למעלה רחבעם,,,failed
ליד היישוב מיתר,,,failed
ליד הישוב נטף ומלא ליד נווה צוף בשומרון,,,failed
ליד הישוב נס הרים,,,failed
ליד הכביש המוביל לעין יעל,,,failed
ליד המרינה בהרצליה,,,failed
ליד הסכר באגם העונתי ביער אמציה,,,failed
ליד התצפית על המכתש הקטן,,,failed
ליד חורבת דורבן,,,failed
ליד חורבת רקית,,,failed
ליד חורשת הארבעים,,,failed
ליד חירבת חנות,,,failed
ליד חניון רקית (בכביש המוביל להר שוקף),,,failed
"ליד חרבת מסעד, איזור עדולם",,,failed
ליד חרבת סמארה,,,failed
"ליד יפתח, קרוב לקניון הקטן",,,failed
ליד ישפרו סנטר מודיעין,,,failed
ליד מאגר רשפים,,,failed
ליד מאגר רשפים עמק המעינות,,,failed
ליד מושב ישעי,,,failed
"ליד מיני ישראל, לאורך כביש 1 וכביש 38",,,failed
ליד מיתר צפון הנגב,,,failed
ליד מכללת ספיר. בדרך לבית הקברות של קיבוץ גבים. במסלול אופניים מסומן היוצא מהחניה כ 200 מטר. ליד כבר,,,failed
ליד מנזר בית ג'מאל,,,failed
ליד מערות הפעמון ביער אמציה,,,failed
ליד מערות כפר שמריהו,,,failed
ליד מצפור קרן כרמל,,,failed
ליד נווה מדרום לדקל,,,failed
ליד נווה שלום יער אשתאול,,,failed
ליד נושב נוב,,,failed
ליד נחל יתיר,31.247827,34.910523,success
ליד נטור בצידי הדרך המובילה לאום אל קנטיר המסומנת בסימון שבילים כחול,,,failed
ליד עפולה עלית,,,failed
"ליד פדואל, בשביל הירוק לדיר קלעה",,,failed
"ליד קיבוץ מלכיה (קואורדינטות  -  lat,long    33.111230,35.516785 )",,,failed
ליד קיבוץ ניר יצחק,,,failed
ליד קניון יפתח,,,failed
ליד שלוותה הוד השרון,32.436117,-97.836585,success
ליד שמורת אירוס ירוחם,,,failed
"ליפתא, ירושלים",31.7964636,35.1963109,success
לכיש ליד מושב אמציה,,,failed
למרגלות ההרודיון,,,failed
לפני הכניסה לכביש למיצר,,,failed
"לפני העלייה לכרם מהרל, בכניסה לחוות מקורה, מצד ימין",,,failed
לצד הכביש המוביל לבית אורן (721),,,failed
"לצד כביש 6, בין מחלף שורק למחלף נשרים",,,failed
לצד מסלול האופניים והולכי רגל מצומת בילו לכיוון קבצ שילר,,,failed
לצידי הכביש בין תחנת רכבת מלחה לחניון אגד במקום,,,failed
לצידי הכביש בין תחנת רכבת מלחה לחנית אגד במקום,,,failed
לצידי הכבישים 386 ו- 375,,,failed
לצידי כביש 35 - בין שדה יואב למשען,,,failed
לצידי כביש 367 ליד נוה מיכאל,,,failed
לצידי כביש מס' 35,,,failed
מאגורת רחמים,31.283004,35.20616,success
"מאגר בית זית, בית זית",31.783458250000002,35.154362839268046,success
מאגר בית ינאי,32.381912,34.863551,success
מאגר בנטל,33.140214549999996,35.78169860715637,success
"מאגר בנטל צינור המים החמים, מרום גולן",,,failed
"מאיר נקר, ירושלים",31.7516156,35.2410486,success
מבוא חורון,31.8501774,35.0354628,success
מבצר קאקון,33.044455,35.226304,success
"מגדל, ישראל",32.8387154,35.4993634,success
מדיעין- גבעת בוכמןרעות ליד רחוב לוי,,,failed
"מדרגות בירידה לכסלון, שביל ישראל",31.526826,34.784226,success
"מדרום למגרש החניה הקטן, בין חורשים לנירית",,,failed
מדרך עוז,32.5954691,35.1603051,success
"מדרך עוז, ישראל",32.5954691,35.1603051,success
מודיעין,31.9085744,35.0069297,success
מודיעין (Modi'in),31.9324487,35.0433428,success
מודיעין מכבים רעות,31.9085744,35.0069297,success
מודיעין-גבעת בוכמןרעות ליד רחוב לוי,,,failed
מוזיאון דרך הדורות ליד אוניבריטת חיפה,,,failed
מוזיאון דרך הדורות ליד אניברסיטת חיפה,,,failed
מוזליאום מזור (יער קולה),,,failed
מוחרקה,32.6733485,35.0880043,success
מול בקוע. גבעת התורמוסים ליד צומת נחשון,,,failed
מול הר ברקן צמוד לכביש לפני הירידה לשביל לעין סמל,,,failed
מול שער הכניסה הישן של קרני שומרון,,,failed
מול תל חצור,33.017473,35.568043,success
מונפורט,33.04440285,35.226555852023125,success
מוצב הפעמון ואנדרטת הזיתים,,,failed
מורדות הר הילל,,,failed
מורדות הר קטע-גבעת הסחלבים,,,failed
מורדות מערביים כרמל,,,failed
מושב אמציה,31.53248,34.91404,success
מושב זנוח,31.731928,34.998983,success
מושב יעד,31.896084,34.907626,success
מושב צפרירים,31.661592,34.941443,success
מושב שקף,31.51656,34.93783,success
מושב תלמי מנשה / באר יעקב,,,failed
"מזרחית לכביש 38, ליד אשתאול",,,failed
מזרחית לעדי-עד,,,failed
מחלף אליקים,32.6362571,35.0659419,success
מחלף בני דרור,32.255691,34.892981,success
"מחלף גבעת מרדכי/יציאה לבגין דרום, ירושלים",31.766395,35.192909,success
מחלף נשרים,31.9108297,34.897473,success
מחלף ענבה,31.899899,34.9378505,success
"מחלף תקווה, פתח תקווה",32.1177622,34.8786139,success
מחנה ישראל בין קיבוץ דברת לאחוזת ברק,,,failed
מחנה צור,31.013087650000003,34.8591078376181,success
מחצבת אודים,32.266101,34.848272,success
מחצבת השיש המשוקמת בחפציבה,,,failed
מחצבת חרייבה בכרמל,,,failed
מטולה. ליד הצימרים של משפ' לב-ארי.,,,failed
מטע,35.8885993,14.4476911,success
מטע זיתים בדרך למנזר בית ג'מאל,,,failed
"מי נפתוח ליפתא, ירושלים",31.794016,35.19629060540906,success
מימין לגדר המערכת מלכישוע,,,failed
מימין לכפר הנגמלים מלכישוע,,,failed
"מינהל קהילתי -""גנים"", דהומיי, ירושלים",,,failed
מיני ישראל,31.84225175,34.96897263075671,success
מירב,32.4533873,35.4215378,success
מירון (Meron),32.9977837,35.4137268,success
מירון (Miron),32.1587927,34.8364399,success
מירון - מסלול הפסגה,,,failed
מירון בכביש העולה לשביל הפיסגה,,,failed
מירון בשביל השחור העולה לשביל הפיסגה,,,failed
"מירון כ-1 ק""מ בעליה מבי""ס שדה לכוון הפסגה צד שמאל של הכביש",,,failed
מירון סיבוב הסחלבים,,,failed
מישור ימין,31.0025478,35.0660311,success
מישר סעיפים,29.7162277,34.8849863,success
מיתר,31.328000850000002,34.938940591635784,success
מיתר מאחורי מחסני המועצה,,,failed
מכון וולקני,31.988995350000003,34.81712885,success
"מכון טיהור שפכים, ירושלים",31.757572,35.10448,success
"מכללת נתניה/החינוך העברי, נתניה, ישראל",32.306937,34.879312,success
מכתש בארי והסביבה,,,failed
מלחת הנעמן  מזרחית לגשר הרכבת,,,failed
מלחת הנעמן - קטע חולי קרוב לגשר רמז,,,failed
מלחת הנעמן מצפון לתוואי רכבת עכו - כרמיאל,,,failed
מלכיה,33.0992486,35.5116985,success
"ממזרח לכרם מהר""ל",,,failed
ממצפה אופיר ולאורך המצוק דרומה על השביל המוליך לקרן עין גב.,,,failed
ממצפה אופיר לכוון עין גב,,,failed
ממש בכניסה לחי בר בכרמל,,,failed
ממש לפני מושב שוקדה,,,failed
"ממש צפונית לחוף הרשמי תל ברוך, רמת אביב, תל אביב",,,failed
ממשית,31.0255667,35.06395810203545,success
מנזר בית ג'מאל ליד בית שמש,,,failed
"מנזר השתקנים לטרון, נחשון",,,failed
מנזר לטרון וחורשת טל שחר,,,failed
"מנזר מאר אליאס, דרך חברון, ירושלים",,,failed
מנחל קטלב דרך נחל שורק עד מערת הנטיפים,,,failed
"מנחת טיסנים ארסוף, ארסוף, ישראל",,,failed
"מנחת מגידו, מגידו",32.5941887,35.2369156,success
מנחת מגידו-ליד מחנה עמוס,,,failed
מסלול האלון הגדול בטבעון,,,failed
מסלול הבורות והבארות,,,failed
"מסלול הבורות והבארות, בירידה מתל שקלון",,,failed
מסלול החלמוניות בירוחם,,,failed
"מסלול חוף דור הבונים, על גבעות הכורכר",,,failed
מסלול טיולים הר הלל,,,failed
מסלול מנס הרים לחירבת עיטאב,,,failed
מסלול נחל כרמילה ונחל כסלון,,,failed
מעבר לשכונות המערביות של נס ציונה,,,failed
מעגן מיכאל,32.5553209,34.9166572,success
מעגן מיכאל גבעת הצבעונים,,,failed
מעגן מיכאל מצפון לבית העלמין,,,failed
מעגן מיכאל צפונית לבית העלמין,,,failed
מעל אבנת,25.147783099999998,55.24599537437647,success
מעל נחל כלח,32.743277,35.023566,success
מעל עין אלון במפגש שביל כחול עם כביש גבעת וולפסון,,,failed
מעלה אלישע,32.800846,34.992336,success
"מעלה גמלא ישוב, מפלי גמלא",,,failed
"מעלה דדו, מטולה",33.2793782,35.572399,success
מעלה ההר מעל קיבוץ יגור - על השביל האדום,,,failed
מעלה הר כרמילה וערוץ נחל כסלון,,,failed
מעלה הר ערקן שביל כחול (4163 במפת סימון שבילים כרמל),,,failed
מעלה עמוס. הדרך היורדת מכיוון רמת כוכב לנחל תבור על הסימון הירוק.,,,failed
מענית,32.4560127,35.0280805,success
מערבית לאזור תעשייה רתם,,,failed
"מערבית למערת בני ברית, במפגש אדום 9329 עם ירוק 9364",,,failed
מערבית לרמת בית שמש ב',,,failed
"מערות אפקה, יחיאל דב דרזנר, תל אביב יפו",,,failed
"מערות אפקה, יחיאל דב דרזנר, תל אביב-יפו",,,failed
"מערות אפקה, רמת השרון",32.12957675,34.8093187284602,success
"מערות אפקה, תל אביב-יפו",32.12957675,34.8093187284602,success
מערות אפקה/תל ברוך,,,failed
"מערות הקבורה השומרוניות ,צפונית לרמת אביב ג'.",,,failed
מערות כפר שמריהו,32.189587,34.821545,success
מערת אצבע,32.7117996,34.9748154,success
"מערת אצבע, Shvil",,,failed
מערת הנטיפים,31.7559166,35.0221367,success
"מערת פער, והדרך הירוקה ממנה לנחל פער",,,failed
מערת קשת + נחל שרך בצת,,,failed
מפגש נחל זיתן-נחל לבן,,,failed
מפל האיריסים,32.907178,35.292211,success
"מפל התנור, מטולה",33.2696893,35.5822728,success
מפל סער/כביש 99,33.239581,35.702691,success
מפל עייט,31.501059,34.56436,success
מפלי פרוד,32.9419067,35.4320784,success
מצד קדרון  חורבת מזין,,,failed
"מצודת כ""ח",33.115166,35.556292,success
"מצוק הארבעים ,הר הכרמל",,,failed
מצוק הארבעים ליד חורשת הארבעים,,,failed
מצוק הארבעים פארק הכרמל,,,failed
מצוק וטיילת גן העצמאות תל-אביב,,,failed
מצוק חורשת ה-40,,,failed
מצוקי (חורשת) הארבעים,,,failed
מצוקי (חורשת) הארבעים.,,,failed
מצוקי האון ליד מבוא חמה,,,failed
מצוקי החוף בין וינגייט לארסוף,,,failed
מצןק הארבעים בכרמל,,,failed
"מצפה הדר, סלעית",,,failed
מצפה הראל,31.8077503,34.9641711,success
"מצפה השלום, כפר חרוב",,,failed
מצפה חגי,32.3581379,34.8919772,success
מצפה חגי - צומת חלוקים,,,failed
מצפה חוסיין,33.1697563,35.5509135,success
"מצפה כנרת 10, אמירים, ישראל",32.9391942,35.4461474,success
מצפה מודיעין,31.9493038,34.9565271,success
מצפה מודיעין (איזור יער בן שמן),,,failed
"מצפה נפתוח, ירושלים",31.8043537,35.1936913,success
"מצפה נתן, מודיעין מכבים רעות",31.8719581,35.0245964,success
מצפה פאר (הר נזר),,,failed
מצפה צרעה,31.7762241,34.9893646,success
מצפה קוניטרה - רונן,,,failed
מצפון לבית וייל כפר שמריהו,,,failed
מצפון לתל מיכל בצידי כביש,32.141405,34.873246,success
מצפון מזרח לבית הכנסת העתיק בחרבת עמודים,,,failed
מצפור אסף סיבוני,31.518958,34.5620859,success
מצפור בית ציידא,32.7113576,35.1308423,success
"מצפור הלבנון, גליל עליון מזרחי",,,failed
מצפור הסיירים,32.7150056,35.0021142,success
"מצפור הצוק, חיפה",32.7437334,35.025649,success
"מצפור הר ברקן, יפה נוף, מרחביה-מושב",,,failed
מצפור טייסת העמק,32.6830009,35.0884106,success
מצפור טייסת-העמק,32.6830009,35.0884106,success
מצפור יונתן ורמולן,31.467234,34.5283711,success
מצפור לוקי יער המכללות ליד נווה אילן,,,failed
מצפור מלכיה,33.240077,35.702973,success
"מצפור סיון, שדרות יצחק רבין, יוקנעם עילית",32.46873,-3.93918,success
מצפור עומרי-טל,,,failed
מצפור ערן ודובי שמיר,,,failed
מצפור שי ע,32.9088074,35.2875499,success
"מקדונלד'ס - צומת גולני, צומת גולני, גבעת אבני",,,failed
מקורות הירקון - בריכת הנופרים,,,failed
מקטע עאבוד,31.526826,34.784226,success
מרום גולן,33.1321192,35.7773161,success
מרכז הנגב והמכתשים,31.259069,34.795839,success
"מרכז וייל- כפר שמריהו, הנוטע, כפר שמריהו",32.19152695,34.82123276754409,success
"מרפאת כללית כפר גבירול - רחובות, יהונתן נתניהו, רחובות",,,failed
משטרת עין טינה,32.9740708,35.4669487,success
משכיות,32.3173084,35.502525,success
משמר איילון,31.8719461,34.9447916,success
משמר דוד,31.8224828,34.9009264,success
משני צדי שביל הגישה למסעדה בעין כמונים על כביש כרמיאל-עמיעד,,,failed
"משעול הידידות, פדואל",32.313812,34.943938,success
"משק הלברכט גינת אוכל, דרך הבאר, ביתן אהרון",,,failed
"משתלת גבעת ברנר, גבעת ברנר",,,failed
"משתלת הסחלב - משלוח פרחים בראשון לציון והסביבה, דוד רמז, ראשון לציון",,,failed
"משתלת הסחלב, דוד רמז, ראשון לציון",,,failed
"משתלת רחובות, רחובות",31.974049700000002,34.808159085318174,success
מתחם בית הכנסת העתיק בעין גדי,,,failed
מתחם הלוחמים פארק יער עירוני חולון,,,failed
מתחת חורשת הארבעים  בשיא הפריחה  כמיות גדולות,,,failed
מתלול עמינדב בגלבוע,,,failed
"מתנ""ס מעלה אדומים, דרך מדבר יהודה, מעלה אדומים",,,failed
מתת (Mattat),33.0387629,35.3541757,success
"נאות קדומים, 443 כביש",32.141405,34.873246,success
נבי ח'זורי,33.251137,35.73164,success
נבי חזורי,33.2499965,35.72882,success
נגב נחל חצץ,30.890481,34.8720074,success
נגבה,31.6623288,34.6827493,success
נגלן,,,failed
נוב רמת הגולן,32.832269,35.7831891,success
"נוה עמית דיור מוגן, דרך מרדכי בשיסט, רחובות",,,failed
נוה שלום,31.8175068,34.9781914,success
נווה אילן ההיסטורית,31.877752,34.736316,success
נווה מיכאל,31.6729774,35.0059119,success
נווה שלום,31.8175068,34.9781914,success
נוחיילה בגולן,33.257525,35.652191,success
נוסעים שמאלה לפני השער של הקיבובוץיער גברעם,,,failed
נוף הגליל,32.7023065,35.3183216,success
"נוף, ערד",18.5789153,84.283154,success
נחל,31.8332318,35.2270161,success
נחל אבליים והר עצמון,,,failed
נחל אורן אשר בכרמל,,,failed
נחל אורנית,32.7566233,34.989693,success
נחל אחיה,32.12797,34.8033355,success
נחל אל על ברמת הגולן.,,,failed
"נחל אלכסנדר פארק איטליה שולחנות פיקניק, מעברות",32.385924,34.8646,success
נחל ארבל,32.826591,35.4604236,success
"נחל אשלון 2 ק""מ מתחילת המסלול האדום מדימונה",,,failed
"נחל אשלון, ליד המזבלה של דימונה",,,failed
נחל אשלים,31.0621323,35.333187,success
נחל בית חנן ליד מבוא חורון,,,failed
נחל ברתות,31.136483,35.324457,success
נחל ג'יש וואדי חאביז,,,failed
נחל גובתה  עליון (בשביל השחור היורד מנוה אטיב),,,failed
נחל גוש חלב,33.0361726,35.4483267,success
נחל גילבון,33.0525439,35.7199319,success
"נחל גלד, נקרות, צבירה...",,,failed
נחל ג׳ילבון,31.136483,35.324457,success
נחל דבורה,31.8158306,34.8606293,success
"נחל דישון כקילומטר מצפון ל""קבר ישעיהו הנביא"" על שב",,,failed
נחל דישון תיכון,33.069074,35.476957,success
"נחל דישון, נחל אביב",,,failed
נחל הבניאס ונחל חצבני,,,failed
נחל הבניאס ליד שאר ישוב,,,failed
נחל הגיבורים,32.7908589,35.0067003,success
"נחל הדר, הוד השרון",32.1577588,34.8763504,success
נחל המערה / חורבת בית עיתאבּ,,,failed
נחל הצומח אילת,29.57504,34.929344,success
נחל השומר ליד כפר גלעדי,,,failed
"נחל השופט, רמות מנשה",,,failed
נחל השקמה - אור הנר,-34.438003,138.85077,success
נחל זאכי,31.136483,35.324457,success
נחל חביבה,32.3897731,35.0109749,success
נחל חגל ונחל אדמה,,,failed
נחל חוה,30.6108678,34.8036163,success
נחל חזור (מתחת לנווה אטיב),,,failed
נחל חזורי נכנסים בשביל הכחול לנחל מחניון חזורי,,,failed
נחל חיק ובקעת אלון,,,failed
"נחל חיק, 20 מ' לאחר המעיין",,,failed
נחל חלילים ועמק הארזים,,,failed
"נחל חלילים, מבשרת ציון",31.8047578,35.1629682,success
"נחל חלילים,שדה מלא עירית",,,failed
"נחל חצ,בן שלח מנוה ועוד  כבר בפריחה  בנחל זהץ",,,failed
נחל חצבה,30.816926,35.2435893,success
נחל חצור ק. איילת השחר,,,failed
נחל חצץ לפני העליה למעבר לנחל דרוך.,,,failed
נחל חצץ-גבי הנרקיסים,,,failed
"נחל חרובים, חירבת סומאק",,,failed
"נחל חרובים, חרבת סומק",,,failed
"נחל חרובים, נחל רקפת",,,failed
"נחל חרוים, חרבת סומק",,,failed
נחל יגור על גדר בחצית הכביש הפנימי של יגור,,,failed
נחל יחיעם - תחילת המסלול ליד מבצר יחיעם,,,failed
"נחל ימין, גבי נחל ימין",,,failed
נחל יצפור  סימון שביל ירוק,,,failed
"נחל יצפור, רכס הגלבוע.",,,failed
"נחל ירקעם, כ-300 מ' מזרחית לעין ירקעם",,,failed
"נחל יתלה, הרי יהודה",,,failed
נחל כזיב (מפנה צפוני),,,failed
נחל כזיב - עין זיו,33.045723,35.247581,success
נחל כזיב - קרן ברתות,,,failed
נחל כזיב העליה מעין טמיר לחניון הזיתים,,,failed
נחל כזיב ליד המונפורט,,,failed
נחל כזיב ליד עין טמיר,,,failed
"נחל כזיב מקרן בריתות לעין תמיר,בעליה למונפורט",,,failed
"נחל כזיב, בית ג'ן",32.9738172,35.3925051,success
נחל כזיב-שביל-עין זיו-עין תמיר,,,failed
נחל כזיבבשביל השחור היורד מהילה לקרן ברתות,,,failed
נחל כלח בירידה מחניון שווצריה הקטנה,,,failed
"נחל כלח, נחל גלים",,,failed
"נחל כלח, שוויצריה הקטנה, הר הכרמל",,,failed
נחל כסלון באיזור אנדרטת הקדושים,,,failed
נחל כסלון ונחל כרמילה,,,failed
נחל כפירה כ 750 מ'  לפני לנטף.,,,failed
נחל כפירה נטף,31.835399,35.072274,success
נחל כרמילה שביער הקדושים,,,failed
"נחל כרמילה, היורד מבית מאיר ליער הקדושים",,,failed
"נחל כרמילה, הרי יהודה",,,failed
"נחל לבן,חולות עגור.",,,failed
"נחל לוטם, חיפה",32.8168602,34.9665678,success
נחל מורן (מירון)-לא הרחק מהמעיין,,,failed
"נחל מורן מתחת לבה""ס שדה הר מירון על השביל וכן באזור עינות נריה",,,failed
"נחל מורן קרוב לשביל ההליכה, אחרי היציאה מהחורש ולפני נק' המפגש עם ""כבי",,,failed
נחל מזור,32.0928895,34.9078565,success
נחל מירון בשביל האדום  מהחניה לבנין המשטרה צד שמאל של השבילה,,,failed
נחל מסעד,30.9908887,34.8421421,success
נחל מערות - המסלול הכחול וסביבתו,,,failed
נחל נעמן בחורשת האקליפטוס בצד המזרחי,,,failed
נחל נפחא - מבנים/לשביה (שביל שחור),,,failed
נחל נקרות ליד גשר כביש 40,,,failed
"נחל נקרות, נחל גלד, נחל מעוק",,,failed
נחל נריה - הר מירון,,,failed
נחל נשר,31.7991732,34.8252404,success
נחל נשר -  תחילתו,,,failed
נחל נשר עילי,30.603258,34.694094,success
נחל נשר עילי (Nahal Nesher Illi - Upper Nesher Stream),,,failed
נחל נשר עילי (Nahal Nesher Illit - Upper Nesher Stream),,,failed
נחל נשר עילי (Nahal Nesher Illit),32.46873,-3.93918,success
נחל נשר עילי (Nahal Nesher Illit/Upper Nesher Stream),,,failed
נחל נשר עליון מצפון לצומת דמון,,,failed
"נחל סבך,שביל  מערות ישח",,,failed
"נחל סטף, צובה",31.775476,35.126925,success
נחל סנין,32.6398984,35.1020916,success
נחל סער בדרך למפל רסיסים,,,failed
נחל סער ומורדות החרמון,,,failed
נחל ספונים - נחל מתלה (  מסלול 4174 )  כרמל,,,failed
נחל ספונים ונחל גלים,,,failed
נחל עזגד,31.0731793,35.3195306,success
נחל עיון - קטע עליון,,,failed
נחל עיון בגבעת החצבים מעל מפל האשד,,,failed
נחל עיון בשביל למפל התנור,,,failed
"נחל עיון, הקטה הגבוהה יותר",,,failed
"נחל עיון, קטע עליון",,,failed
נחל עירון ואדי עארה,,,failed
"נחל עמוד , סימון שבילים - שביל ירוק",,,failed
"נחל ענבה, מודיעין מכבים רעות",31.9009582,34.9670949,success
"נחל עציונה 65, אשתאול, ישראל",31.78072,35.00994,success
נחל עקרב,30.6744005,34.6196687,success
נחל עקרון מזכרת בתיה,31.849003,34.8344176,success
"נחל ערוגות - כניסה, עין גדי",32.312869,34.925908,success
נחל ערוגות - עין גדי,31.714222,34.984377,success
נחל עשן באר שבע,31.2663952,34.7617226,success
נחל עתק,29.7195298,34.9110403,success
נחל פארן חציית כביש 40,,,failed
נחל פרת מתחת לנופי פרת,,,failed
נחל צין,30.7079649,34.7844972,success
"נחל צין, בין מעלה צין לעין עקב",,,failed
נחל ציפורי ליד טחנת הקמח,,,failed
"נחל צלמון,גבעת החצבים בקצה המזרחי של הכפר סלאמה",,,failed
נחל צניר (חניתה) צד ימין של הדרך,,,failed
נחל צפחות כולל יובלים,32.87756,35.27031,success
"נחל קדם, אספר",,,failed
נחל קדר מערב בקעת עובדה,,,failed
נחל קטורה,30.0032822,35.0920289,success
נחל קטיע במסלול הירוק. בתחילת המסלול מחניון גן המשחקים,,,failed
נחל קטלב - השביל הכחול,,,failed
נחל קטלב ונחל שורק תיכון,,,failed
נחל קטלב מסלול דיר א-שיח' וממערב לבר בהר,,,failed
נחל קטלב תחילת שביל שחור,,,failed
נחל קטלב- נחל שורק - הר יעלה,,,failed
נחל קידרון / מנזר מר סבא,,,failed
נחל ראש פינה (Nahal Rosh Pina - Rosh Pina Stream),,,failed
נחל ראש פינה (Rosh Pina Stream),,,failed
נחל ראש פינה במפגש שבילים שחור ירוק,,,failed
נחל רבה (יער כח),,,failed
"נחל רבה, ראש העין",32.0980041,34.9631736,success
נחל רקית והר שוקף,,,failed
נחל רקפת - בירידה למסלול מכביש אליקים דלית אל כרמל,,,failed
"נחל שועלים, ירוחם",30.986828,34.9092547,success
נחל שופט,31.8048617,35.2202053,success
נחל שורק ליד חוות טור סיני,,,failed
נחל שחר,31.0468847,34.8097745,success
נחל שיקמה (ליד קיבוץ אור-הנר),,,failed
נחל שלמה- ואדיון ליד חניון,,,failed
"נחל שלף, רמות מנשה",,,failed
נחל תאנים - הישוב קדומים,,,failed
נחל תאנים - שולי הישוב קדומים,,,failed
נחל תאנים בישוב קדומים,,,failed
נחל תאנים ופארק בראון - קדומים,,,failed
נחל תבור - אזור קניון הבזלת,,,failed
"נחל תבור, חמד",26.11528,50.50694,success
"נחל תבור, מרבדים נפלאים",,,failed
נחל תות ליד תחנת חגית,,,failed
"נחל תנינים - Taninim Nature Reserve, בית חנניה",,,failed
"נחל תנינים - Taninim Nature Reserve, ג'סר א זרקא",32.543548,34.915293,success
נחל תקוע - ואדי חריטון,,,failed
נחל תקוע - מערת חריטון,,,failed
נחלי מישור פארן בסמוך לגבול מצרים,,,failed
נחלכזיב לאחר מפגש שביל שחור עם שביל כחול הורד ממערת המקדש בנחל כזיב,,,failed
נחלעיון,,,failed
נחשון,31.830965,34.9559212,success
ניל תנינים,32.53134,34.936195,success
ניר יצחק,31.2378574,34.3577888,success
ניר משה,31.4772702,34.6299737,success
ניר עציון,32.6975838,34.9936059,success
נירים הישנה - דנגור,31.23893,34.338144,success
נמרוד,33.2452094,35.7510271,success
נמרוד : הר קטע מורדות דרום מערביים.,,,failed
נמרוד בירידה במורדות הערביים-דרומיים בהר קטע.,,,failed
נמרוד בשביל לתל-אל-קצעה.,,,failed
נמרוד הר קטע,,,failed
נמרוד הר קטע.,,,failed
נמרוד שביל לתל-אלקצעה,33.245468,35.751199,success
"נמרוד, בירידה מערבה בהר קטע",,,failed
נס ציונה (Ness Ziona),31.9295577,34.7990609,success
נס ציונה - דרך גבעות הכורכר פינת רח'' המאה ואחד,,,failed
נסיון,,,failed
נצרת עילית,32.7023065,35.3183216,success
נצרת עילית הר יונה הגבעה אחרי רחוב הגומא,,,failed
נצרת עילית שחונת זאב,,,failed
"נצרת עילית, הר יונה, הגבעה אחרי רחוב הגומא",,,failed
נר,-0.5252306,166.9324426,success
נראה לפני 4 ימים ליד חוות האלפקות,,,failed
נתיב הרכבת לירושלים,,,failed
נתניה,32.3286181,34.8566246,success
נתניה (Netanya),32.3199544,34.8693256,success
סאסא,7.8699431,29.6667897,success
"סביב תל שוכה, עמק האלה",,,failed
סביבות נחל יתיר,31.247827,34.910523,success
סביבת יקנעם ורמות מנשה,,,failed
סובב הר תבור- הסימון השחור,,,failed
סובב פסגת הר תבור,,,failed
סטף (Sataf),31.7714913,35.1274171,success
סטף (Staf),31.7714913,35.1274171,success
סטף - שביל השומרות,,,failed
סטף וכל הסביבה,,,failed
"סטף, צובה",,,failed
סיבוב סחלבים (קטלבים) בכביש לפיסגת המירון,,,failed
סיבוב סחלבים במירון,,,failed
"סימון שבילים שחור, לאחר מלכישוע",,,failed
סינגל מרום גולן,33.13266,35.777321,success
סינגל עין קובי,31.725711,35.11756,success
"סכר אגם ירוחם, ירוחם",30.9898025,34.8914215,success
"סמ""ש ירוק מחרבת עלי א-דין למצודת הבמה",,,failed
סמ''ש כחול,31.912938,34.811434,success
סמוך לאשלים,,,failed
סמוך למנזר לטרון,,,failed
סמוך לצומת מגדלים,,,failed
סמוך לקבר שמשון,,,failed
סמר,11.11889205,-74.23118878167132,success
סרטבה אלכסנדריון,32.096197,35.461768,success
סתריה,31.8918834,34.844046,success
סתריה (יער נען),31.893298,34.853779,success
עבר הירדן,31.9377719,34.8390941,success
עגור,34.1605257,64.9201949,success
עדולם - חרבת עתרי וחרבת בורג׳ין,,,failed
"עוזי חיטמן 5, נתניה, ישראל",32.2815058,34.84234934008582,success
עוסארין,32.1251339,35.3105767,success
עזוז,30.7916672,34.4722219,success
"עטרה 6, נוף הגליל",32.7237879,35.3345702,success
עי אלון,42.5989995,-5.5682413,success
עיינות,31.9159502,34.7677914,success
עין א - תינה,33.8167423,36.5579698,success
עין אלון בנחל אורן,,,failed
"עין אלון, גן לאומי הר הכרמל",,,failed
"עין אלון, נחל אלון",,,failed
עין אלרואי,32.709416,35.1031,success
עין אפק,32.84956,35.093179,success
עין ארובות,32.482457,35.0212983,success
עין אשחר (אשר בנחל געתון),,,failed
עין אשקף,31.7569885,35.1269956,success
עין גיורא,31.7330065,35.0787072,success
עין געתון ונחל יחיעם,,,failed
עין הזקן,32.9648972,35.4242783,success
עין הזקן למרגלות הר הילל,,,failed
עין הים,32.8265171,34.962335,success
עין הים בחדרה,3.85,12.31667,success
עין הים גבעת אולגה,,,failed
"עין הים, חדרה",3.85,12.31667,success
עין ורד,32.2653177,34.9317604,success
עין זיו,33.0380478,35.27145,success
עין זיוון,33.0962822,35.7961971,success
"עין זיוון, נחל עיט",,,failed
"עין חנדק, אבן ספיר",31.7621498,35.1387558,success
"עין חנדק, שביל ישראל, אבן ספיר",,,failed
עין טינה,33.8167423,36.5579698,success
עין ירד,31.8615208,34.9317932,success
עין כסלון,31.7773094,35.0521698,success
"עין כרם, יער עמינדב",,,failed
"עין לבן, ירושלים",31.749061949999998,35.15925858149306,success
עין מירב אשר ליד נחל געתון,,,failed
עין מסלה,32.2122933,35.2775411,success
עין נילי,32.5630161,34.95668076342592,success
עין סג'מא - גוש עציון,,,failed
עין סהרונים- לכיוון פרסת נקרות,,,failed
עין עבדת בכביש הגישה לחניה,,,failed
עין עיתאב,53.4213942,-129.2494323,success
עין על בלד - נחל יגור,,,failed
עין צור ברמת הנדיב,,,failed
עין קובי,31.7257106,35.1175602,success
עין קובי (Ein Kobi),31.7257106,35.1175602,success
"עין ראפה א, עין ראפה",31.791649,35.116731,success
עין רועים ליד כפר גלעדי,,,failed
עינות בקר,33.083594,35.573591,success
עינות פצאל שומרון,,,failed
עינות פצאל-שביל כחול,,,failed
"עינות תלם, ירושלים",31.804771,35.172113,success
על גבעות הכורכר בקצה השמורה ממערב,,,failed
על המדרון מדרום לנחל כפירה.,,,failed
על המדרון מעל הכביש העולה מצומת אורן לחניון האגם אחרי קמ4,,,failed
על המדרון של הר פועה במפגש נחל גוש חלב עם נחל צבעון.,,,failed
על הרכס המערבי לאגם ירוחם(אחרי הסכר),,,failed
על השביל מעל בית העלמין של מיתר,,,failed
על יד הכפר הטיפולי מלכישוע,,,failed
על יד מערת הפעמון שליד הישוב עופר.,,,failed
על כביש 40 מדרום לצפון-כ 2 ק,,,failed
על כביש 424 רמלה-לטרון,,,failed
"על כביש 918, דרומית לנחל חמדל, בצידו המזרחי של הכביש",,,failed
על צידו הצפוני של כביש עוקף באר שבע סמוך לצומת גורל,,,failed
על שביל ישראל באפיק הנחל הסמוך לכפר אל-ח''וואלד,,,failed
עלייה למערת אורנית,,,failed
עמק אסבסטונים בירושלים,,,failed
עמק האלה חרבת נטיף,,,failed
עמק האלה תל שכה,,,failed
"עמק האלה, גבעת התורמוסים",,,failed
"עמק האלה, נחל חכליל.",,,failed
"עמק האלה, סמוך למערת עדולם, בשדות שמאחורי המושבים: נווה מיכאל ואדרת.",,,failed
עמק האלה- חורבת נטיף,,,failed
עמק האלה-חורבת נטיף,,,failed
עמק הארזים,31.7994862,35.1704365,success
עמק הארזים בסמוך לעינות תלם ושביל ירושלים,,,failed
"עמק הארזים, ירושלים",31.7994862,35.1704365,success
עמק החלמוניות כניסה מיזרחית של להבים,,,failed
"עמק המצלבה, ירושלים",31.7725777,35.20704073418447,success
"עמק המצלבה/שד' הזז, ירושלים",31.7753065,35.2088872,success
עמק השלום,32.6286751,35.100275,success
עמק השלום (Emek HaShalom - Valley of Peace),,,failed
עמק השלום - פארק רמות מנשה,,,failed
עמק השלום ברמות מנשה,,,failed
"עמק השלום, יוקנעם עילית",32.6435148,35.0935658,success
עמק יזרעאל,32.597459,35.2458839,success
עמק מן,24.44,56.67,success
עמק מן בחרמון,,,failed
"עמק צורים, במדרון מתחת לאלה הגדולה",,,failed
עתלית בריכות המלח,,,failed
"פאר המצלבה, ירושלים",,,failed
"פארק אגם החורף (השלולית), נתניה",,,failed
פארק איילון קנדה,31.833283,35.024848,success
"פארק איילון קנדה, דוידזון, ראשון לציון",,,failed
"פארק ארבע העונות, ז'בוטינסקי, הוד השרון",32.436117,-97.836585,success
"פארק ארזים, ירושלים",,,failed
פארק אריאל שרון,32.030526449999996,34.8206347139089,success
"פארק אריאל שרון, דרך חיים ברלב, תל אביב-יפו",,,failed
"פארק אריאל שרון, תל אביב-יפו",32.043154,34.818081,success
פארק בגין,32.03925405,34.80285367338259,success
פארק בגין (Begin Park),32.03925405,34.80285367338259,success
פארק בראון בישוב קדומים,,,failed
פארק בריטניה - שביל הבורות והבארות - תל מירסים,,,failed
פארק בריטניה בשולי הדרך הראשית לכל אורכה,,,failed
פארק בריכת החורף,32.0333149,34.77099647511257,success
פארק דורה נתניה,,,failed
"פארק הדייג דג וגן, דרך השדות, בית חנן",,,failed
"פארק הדייג מעיין צבי, כביש 2, מעיין צבי",,,failed
פארק הטבע,43.6316528,17.541408402393195,success
פארק הטבע רמת הנדיב (Ramat Hanadiv Nature Park),,,failed
פארק הירדן שביל כחול,32.912086,35.62819,success
פארק הירדן- כניסה,32.912086,35.62819,success
"פארק הירקון - ראש ציפור, רוקח, רמת גן",,,failed
"פארק המדע, אופנהיימר, רחובות",,,failed
פארק הסלעים כסרא,,,failed
פארק הצנירים - בישוב קדומים,,,failed
פארק השרון,31.8816921,34.72681073707975,success
פארק יער חדרה,32.427541,34.896248,success
"פארק יער שהם, שוהם",31.9967707,34.958478,success
פארק יער שוהם,31.9967707,34.958478,success
"פארק יער שוהם, שוהם",31.9967707,34.958478,success
"פארק יקום, יקום",,,failed
פארק מנשה ליד אליקים,,,failed
"פארק מנשה, ליד אליקים",,,failed
פארק נאות קדומים מול יער בן שמן,,,failed
פארק נחל אלכסנדר כניסה מתחת לגשר בכביש החוף נסיעה בדרך עפר.כורכר עביר,,,failed
פארק סיירת שקד בפנייה לגשר מסילת הברזל ולאנדרטה,,,failed
פארק סיירת שקד ליד מאגר המים מזרח לכביש,,,failed
פארק סיירת שקד ליד מאגר המים ממערב לכביש,,,failed
פארק עדולם,31.6121621,34.75226971883205,success
"פארק עדולם, עמק האלה",,,failed
פארק עירוני קהילתי ליד מתחם הלוחמים חולון,,,failed
"פארק עצמאות ארה""ב",,,failed
"פארק עצמאות ארצות הברית, מטע",,,failed
"פארק צה""ל",32.05195545,34.86135331368516,success
פארק צרעה ליד קבר שמשון,,,failed
פארק קנדה - ליד לטרון,,,failed
פארק קנדה איילון שביל גיפים אדום בראש הרכס ממצפור איילון למגדל יערן ובהמשך עד לצומת ה T עם דרך נוף צפונית,,,failed
פארק קנדה איילון. השביל האדום ממצפור איילון ומגדל היערן ובהמשך השביל לצומת ה T עם דרך נוף צפונית,,,failed
פארק קנדה בצד המזרחי של הכביש המוליך מ גת היין צפונה,,,failed
פארק קנדה ליד לטרון,,,failed
פארק רחביה (עמק המצלבה),,,failed
פארק רמות מנשה,32.596642,35.059053,success
פארק רמות מנשה ליד קיבוץ הזורע,,,failed
"פארק רמת הנדיב, זכרון יעקב",,,failed
"פארק שוהם, צורן, שוהם",,,failed
פארק שלולית דורה נתניה,,,failed
"פארק תעשייה עומר, עומרים, עומר",,,failed
"פז מסילת ציון, כביש שער הגיא-בית שמש, מסילת ציון",,,failed
"פז שער הגיא, ירושלים",31.8154968,35.02418,success
פי גלילות - מערות הקבורה השומרוניות,,,failed
"פי גלילות/5, רמת השרון",32.13655705,34.80366518770497,success
פינת הנצחה לזיכרה של נילי קאפמן ז״ל,,,failed
פלשת / גן לאומי גבעות הכורכר בנס ציונה,,,failed
פרדס-חנה בית העלמין,32.478881,34.980778,success
פרוד,32.9333327,35.4333299,success
פרוד (Parod),32.9333327,35.4333299,success
פרוד (Perod),32.93269,35.43379,success
פריחה דלילה בסמוך למאגר גלעד,,,failed
פרק הכרמל,32.687962,35.040394,success
"פרק הסלעים,הר סנה, תפן",,,failed
פרק הסלעים-שביל אדום-בעקר באחו,,,failed
"פרק צה""ל",32.05195545,34.86135331368516,success
"פרק צה""ל בכרמיאל",,,failed
צאלים,31.2036632,34.5338387,success
צד שמאל של הכביש מביס שדה לשביל הפסגה,,,failed
"צומת ""חטיבת הנגב"" ביציאה המזחית של באר שבע",,,failed
"צומת אורה, ירושלים",31.7570196,35.1603446,success
צומת אליקים בירידה מכביש 70,,,failed
צומת אשכולות,31.724308,34.6357606,success
"צומת גולני לכיוון טבריה והכנרת, ביערות הקקל משני צידי הכביש",,,failed
צומת גומא,33.17029005,35.57063814747602,success
צומת גוש עציון,31.646749,35.132734,success
"צומת גוש עציון,בית הברכה",31.645502,35.131782,success
צומת דמון (Damon Junction),32.734516,35.039246,success
צומת דמון (Tzomet Damon - Damon Junction),,,failed
צומת דמון (Tzomet Damon/Damon Junction),,,failed
צומת האלה,31.6870905,34.9466231,success
צומת הלידו -אזור צפון ים המלח,,,failed
"צומת המפלים, רמת הגולן",32.9862511,35.7505475,success
צומת עציונה,31.6870696,35.0007381,success
"צומת ערערה בנגב (כביש מס' 25 ב""ש-דימונה)",,,failed
"צוקי ארסוף, געש, געש",32.2262824,34.822003337971296,success
צוקי תמנע,29.8149936,34.9533477,success
"צור 4, כוכב יאיר צור יגאל, ישראל",32.2187395,34.9835317,success
צידי דרכים ומדרכות - בבאר שבע,,,failed
צידי הכביש לכפר יהושע,,,failed
צלע הגבעה הדרום מזרחית לתל חצור,,,failed
צלפון,31.8041263,34.9327461,success
צפון הנגב,32.0757314,34.8882996,success
צפון הנגב חולות שונרא,,,failed
צפון הנגב ליד מיתר,,,failed
צפון הנגב ליד תל ערד,,,failed
צפון הנגב שמורת אירוס ירוחם,,,failed
צפון הנגב-שמורת אירוס ירוחם,,,failed
צפון הנגב-תל ערד,,,failed
צפון רמת הגולן,32.0924781,34.8959287,success
צפון-מערב הגלבוע והר שאול,,,failed
"צפונית לב""ש (דרומית לגבעות גורל)",,,failed
צפונית לבית העלמין של מעגן מיכאל,,,failed
צפונית לבית הקברות החדש בנצרת עילית,,,failed
צפונית לדליה,30.794275,34.772992,success
צפונית לחרבת סנסן,,,failed
צפונית לכביש הגישה לכפר יהושע,,,failed
צפונית לשכונת רמות בבאר שבע,,,failed
צפוניתלקרית שמונה ליד כביש 90,,,failed
צרעה,47.463388050000006,8.553366081422642,success
"ק""מ 163 בכביש 222",,,failed
"ק""מ צפונית לחוות האלה על דרך הפטרולים",,,failed
קבעות הכורכר ב-נס ציונה,,,failed
קבעת הרקפות ליד גלעד,,,failed
"קבר אריאל ולילי שרון - גבעת הכלניות, אזור אשקלון",,,failed
קבר שייח אבו מרזוק,,,failed
קבר שייך מרזוק,,,failed
"קברות המכבים, מבוא מודיעים",31.925112,35.002267,success
קברי השומרונים מתחם רמת אביב ג'-גלילות,,,failed
קדרון,31.8150988,34.7976591,success
קיבוץ אור הנר,31.557559,34.601193,success
קיבוץ גלעד - יער הרקפות,,,failed
קיבוץ דליה,32.1465679,34.8836823,success
קיבוץ יסעור,32.8984222,35.1618156,success
קיבוץ יפתח,33.127933,35.550634,success
קיסריה,38.7219011,35.4873214,success
קליה שביל המגילות,31.750905,35.465219,success
קניון אלונים,31.6552334,34.55626610800843,success
"קניון הבזלת נחל תבור, גזית",32.63893,35.4469,success
קפה אתנחתא (Cafe Atnahta),,,failed
קריית גת,31.6031494,34.7779274,success
קריית ענבים,31.8100172,35.1203388,success
קרית אונו - השכונה החדשה,,,failed
קרית ארבע,31.5291156,35.11974253407625,success
קרית חרושת ות. רכבת העמק באלרואי,,,failed
קרית טבעון,32.7161543,35.126841,success
קרית עתידים גני יהושוע תל אביב,,,failed
"קרית עתידים,  גני יהושע תל אביב",,,failed
קרן בריתות נחל כזיב,,,failed
קרן ברתות - נחל כזיב,,,failed
קרן ברתות - נחל כזיב השביל הכחול,,,failed
קרן ברתות מעל לנחל כזיב,,,failed
קרן ברתות מעל נחל כזיב,,,failed
"קרן היסוד 3, נשר, ישראל",32.7673895,35.0461349,success
"קרן הכרמל, אזור חיפה",,,failed
קרני חיטים,32.79609335,35.47924838337492,success
קרני-חיטין,32.7982445,35.4595528,success
ראש הנקרה,33.0933543,35.104439,success
ראש העין -יער קהילתי,32.098024,34.976842,success
ראש נחל חלילים,31.804811,35.162811,success
ראש פינה (Rosh Pina),32.9816323,35.574680736413896,success
ראש פינה- גינת המטבח,,,failed
"ראשון לציון רח' תש""ך",32.103995,34.875988,success
רביבים,31.0431631,34.7207022,success
רביבים ליד אירוס הנגב,,,failed
רגבים,32.5240949,35.0345429,success
"רוגום גנים ,קרית יובל ירושלים",,,failed
"רוגום גנים, קרית יובל",,,failed
"רוגום גנים, קרית יובל ירושלים",,,failed
"רוגום גנים,קרית יובל ירושלים",,,failed
"רוחמה, רוחמה",31.497877,34.70228,success
"רולדין שילת, Carmel St, מודיעין מכבים רעות",,,failed
רח' עמק השלום,32.6448139,35.0990905,success
רח' עמק השלום (Rechov Emek HaShalom - Emek HaShalom Street),,,failed
"רח'מה, ירוחם",31.0086492,34.9557173,success
רח\' עמק השלום,32.6448139,35.0990905,success
רחוב דרזנר,31.891779,34.801981,success
רחוב דרזנר (Drezner Street),,,failed
רחוב דרזנר ברמת אביב,,,failed
"רחוב הרצל, ראשון לציון",,,failed
רחוב חבצלת השרון,31.891779,34.801981,success
רחוב לויטס  גבעת הצבעונים בבית אליעזר חדרה,32.43645,34.91956,success
רחוב לויטס גבעת הצבעונים בבית אליעזר חדרה,32.43645,34.91956,success
רכס    בשנית  (חזיקה ),,,failed
רכס  בשנית  (חזיקה ),,,failed
רכס אצבע- בחלק המערבי,,,failed
רכס בשנית (חזיקה),,,failed
רכס בשנית - הר חוזק,,,failed
רכס בשנית הר חוזק,,,failed
"רכס בשנית, בתחילת המסלול",,,failed
רכס הכורכר בנס ציונה ליד אצטדיון הכדורגל המקומי,,,failed
רכס התותחים פארק קנדה,,,failed
רכס התותכים,32.750217,35.101963,success
רכס חזיקה -בשנית,,,failed
רכס ירוחם - מסלול חלמוניות ירוחם (בין שדה בוקר לירוחם),,,failed
"רכס לבן, ירושלים",31.749149,35.15953,success
רכס סירין צפונית לעין שרונה,,,failed
"רכס שועפת,בין רמת שלמה לשועפת",,,failed
"רמות מנשה, בסמוך לגבעת הרקפות",,,failed
רמת אביב,32.1088611,34.7950946,success
רמת אביב (Ramat Aviv),32.1124957,34.7967899,success
"רמת אשכול - מרכז מקצועי - ירושלים, פארן, ירושלים",,,failed
רמת בוקר,30.9333318,34.7833336,success
רמת גן,32.0686867,34.8246812,success
רמת גן - גבעת נפוליאון,32.091680800000006,34.80790422766508,success
רמת דלתון - מזרחית לאגם בשטח המרעה,,,failed
רמת הגולן,33.0408017,35.7392885,success
רמת הגולן אחו נוב,32.8339043,35.794352704352676,success
רמת הגולן ליד מפל האירוסים,,,failed
רמת הגולן ליד קדוח אלוני בשן,,,failed
רמת הגולן נחל גובתה,33.2549081,35.7059231,success
רמת הגולן צומת וואסט,33.1376718,35.7318955,success
"רמת הגולן, צומת המפלים",32.9862511,35.7505475,success
רמת הגולן- נחל חזורי,33.2511401,35.7314741,success
רמת הגולן-הר חזק,32.086795,34.955516,success
רמת הגולן-הר חזקה,32.086795,34.955516,success
רמת הגולן-ליד קדוח אלוני הבשן,,,failed
רמת הגולן-מצוקי האון,,,failed
רמת הגולן-עין נשוט,,,failed
רמת הכולן אחו נוה,,,failed
רמת הנגב כביש 211 דרומית לאשלים,31.00357,34.773273,success
רמת הנדיב מסלול אדום,,,failed
"רמת הנדיב, זכרון יעקב",32.5544052,34.946476,success
"רמת הנדיב, מסלול ירוק",,,failed
"רמת הנדיב, שער הכניסה לשמורה",,,failed
רמת הנדיב- מסלול הנשרים,,,failed
רמת ישי,32.7024925,35.1652427,success
רמת מנשה - הר חורשן,,,failed
שבי שומרון,32.2632266,35.1847555,success
"שבי שומרון, הגבעה המערבית",,,failed
שביל  מערות ישח,,,failed
שביל אדום בין חרבת כרך למוחרקה,,,failed
שביל אדמוניות החורש - הר הלל,,,failed
שביל אילן רמון ובורות לוץ,,,failed
שביל האדמוניות  בהר הילל,,,failed
"שביל האדמוניות - סמ""ש שחור - מפנה צפוני של הר הלל -",,,failed
שביל האדמוניות בהר הלל,,,failed
"שביל האדמוניות, דרך לחניון הר כפיר",,,failed
שביל האופניים שמתחיל ליד הכניסה לקיבוץ בארי ומוביל גם לבית הקברות,,,failed
שביל האירוסים הר ברקן  גילבוע,,,failed
"שביל האירוסים, יער אילנות",,,failed
שביל הבעל - סטף,,,failed
שביל הגבעות גבעת הכורכר נס ציונה,38.479011,-99.916175,success
"שביל הגבעות הדרומיות, שביל גבעת הרקפות, מודיעין מכבים רעות",31.89385,35.01504,success
שביל הגולן עי הר בנטל,,,failed
שביל הגולן קטע 2,,,failed
"שביל הגולן קטע 2  ליד תתל קצעה , ובהר רם",,,failed
"שביל הגולן קטע 2 התחלה, נמרוד",46.70021,-113.47731,success
"שביל הגולן, ליד עין זיוון",,,failed
"שביל החלב 2, הוד השרון, ישראל",32.1566165,34.9114855,success
שביל החלמוניות בהר תבור,,,failed
שביל החלמוניות בירוחם,,,failed
שביל החלמוניות הר תבור,,,failed
שביל החלמוניות יער ביריה,29.08777,81.31418,success
"שביל החלמוניות, הר תבור",,,failed
שביל היערנים במערב הר תבור,,,failed
שביל היערנים כניסה מאשתאול,,,failed
שביל הלמוניות מעלה רחבעם,,,failed
שביל המגילות קליה,31.784409,35.131031,success
שביל המטוס סובב איתנים,31.7797762,35.0957433,success
"שביל המטוס סובב איתנים, איתנים",31.77879685,35.09588093787781,success
שביל המעיינות,32.510097,35.472174,success
שביל המעיינות בין יד קנדי לעין חנדק,,,failed
שביל המעיינות בפארק קנדה,,,failed
שביל המעיינות בפארק קנדה (סימון ירוק),,,failed
שביל המצוק לכיוון עמק הזיתים,,,failed
"שביל המצוק, חורשת הארבעים",,,failed
שביל הנשרים ברמת הנדיב,,,failed
שביל הנשרים רמת הנדיב,,,failed
שביל הפיסגה - הר מירון,,,failed
שביל הפיסגה - מירון,32.999639,35.412868,success
שביל הפיסגה במירון,,,failed
"שביל הפיסגה במירון - חורבת ב""ק",,,failed
שביל הפיסגה הר מירון,,,failed
"שביל הפיסגה, הר מירון",,,failed
שביל הפסגה,32.7726111,34.9869943,success
"שביל הפסגה , הר מירון",,,failed
שביל הפסגה - הר מירון,,,failed
שביל הפסגה / ומול ביהס שדה מירון,,,failed
שביל הפסגה בהר מירון,,,failed
שביל הפסגה במירון,,,failed
שביל הפסגה הר מירון,,,failed
שביל הפסגה הר מרון,,,failed
שביל הפסגה מירון והכביש המוביל לפסגת המירון,,,failed
"שביל הפסגה,  הר מירון",,,failed
"שביל הפסגה, הר מירון",,,failed
"שביל הצנירים, חורשת ה 40",,,failed
שביל הקיסר ליד חרבת חנות,,,failed
שביל התיכון הוד השרון,32.1463346,34.8909407,success
שביל חוצה פארק גורן,,,failed
"שביל טיילת עמי, עמיר",,,failed
שביל יגור נשר בכרמל,,,failed
שביל יונתן מכמנים - הר כמון,32.90891,35.36075,success
שביל ישראל ליד לטרון,,,failed
שביל ישראל מזרחה מעין עקב,,,failed
שביל ישראל מחורבת רקית למערת ישח,,,failed
שביל ישראל ממערב לישוב הר עמשא,13.36667,-81.36667,success
"שביל ישראל, ארסוף, ישראל",32.096851,34.810696,success
"שביל ישראל, הרצליה, ישראל",32.1671472,34.842798,success
"שביל ישראל, ישראל",32.0657006,34.7964265,success
"שביל ישראל, צפת, ישראל",33.2481995,35.6455994,success
שביל כחול העולה מנחל מערות לכרמל,,,failed
שביל ממוחרקה לחירבת כרך,,,failed
שביל מערות ישח,,,failed
שביל נוף נחל קטלב  - מפגש שבילים אדום שחור.,,,failed
שביל סובב כנרת בקטע בין כפר נחום לגשר אריק,,,failed
שביל פארק הסלעים בכסרא,,,failed
שביל פסגה - הר מירון,,,failed
שביל פסגה בהר מירון,,,failed
שביל פסגה הר מרון,,,failed
"שביל פסגה, הר מירון",,,failed
שביל רון יער חוף הכרמל,32.653641,34.974981,success
שביל שחור בדרך לביהס שדה מירון,,,failed
שביל שחור מהר מירון לישוב מירון,,,failed
שביל שחור מעגלי מעל מערת אצבע בנחל אורן,,,failed
שביל שחור מפסגת הר מירון לביהס שדה מירון,,,failed
שבילי הגישה למבצר מונפורט - נחל כזיב,,,failed
שבילנפש,,,failed
שבילנפש (ShvilNefesh - Path of the Soul),,,failed
שד שמואל מאיר מתחת למלון רמת רחל,,,failed
שדה יצחק,32.4051186,34.9938162,success
"שדה פרגים כפר אהרון, נס ציונה",,,failed
שדה שמצפון לרחוב דרזנר,,,failed
שדות בשולי תעלת פולג,,,failed
שדות הבר - עמק הירדן העליון,,,failed
שדות הבר בעמק הירדן העליון,,,failed
שדות ליד מחצבת אודים,,,failed
שדות מדרום למושב ישרש,,,failed
שדות מושב אביאל (ליד כביש 6),32.021531,34.965594,success
שדות מושב נהלל לכוון הבסיס,,,failed
שדות עיינות בריכת ורד צידוני,,,failed
שדמה - גבעת כורכר,,,failed
שדמה - שדה בור,30.889995,34.852679,success
"שדרות אבא חושי, נשר, ישראל",32.791016,35.010049,success
"שדרות בן גוריון, ראש העין, ישראל",32.0795567,34.9768967,success
"שדרות החשמונאים, מודיעין מכבים רעות",31.8681096,35.0017753,success
"שדרות מעלה יצחק, נוף הגליל",32.704254,35.325874,success
"שדרות תש""ח ראשל""צ",31.955487,34.802302,success
שדרות תשח,31.7876782,34.6435275,success
"שדרת תש""ח, ראשון לציון",,,failed
שוהם,32.0004845,34.9465419,success
"שוויצריה הקטנה, עין אלון",,,failed
שויצריה הקטנה-כרמל,,,failed
שולי הכביש בקרבת מושב חד-נס,,,failed
"שוליים מזרחיים של כביש 40, 1200 מטר דרומה מצומת עבדת",,,failed
שומרון,31.7817111,35.214555,success
שומרון  גוש עציון מול כרמי צור,,,failed
שומרון - הישוב קדומים,,,failed
שומרון -עיינות פצאל,32.0511487,35.404826,success
שומרון -עינות פצאל,,,failed
שומרון גוש עציון כרמי צור,,,failed
שומרון מעלה אפרים,32.0650508,35.4172916,success
שומרון נחל פיראן,32.278447,35.557805,success
שומרון עיינות פצאל,32.0511487,35.404826,success
שומרון שמורת טבע עיינות פצאל,,,failed
שומרון שמורת עינות פצאל,,,failed
שומרון-עיינות פצאל,32.0511487,35.404826,success
שומרון-שמורת עינות פצאל,,,failed
שומרון: בשביל כחול המוביל לעינות פצאל,,,failed
שומרוןן גוש עציון,31.65866,35.118672,success
שיח עם פרחים מרובים נראה בשדה מתחת לכרמי צור ב-4.12.23,,,failed
שילת,54.90227835,8.331238679308914,success
שיפולי חירבת צלית צפון הנגב ליד מיתר,,,failed
שיפולים מזרחיים של חירבת צלית,,,failed
שכונת אל מעאג'ין     שכם,,,failed
שכונת מקור חיים מגרש ליד רחוב צרת,,,failed
שכונת עין הים,3.85,12.31667,success
שכונת עין הים בחדרה,,,failed
שכונת עין הים חדרה,3.85,12.31667,success
שכונת רמז ראשון לציון,32.018541,34.7772074,success
שלגית גדולה בעמק בולען בחרמון,,,failed
שלוחה מצפון לנחל רון (צפון לקיבוץ דליה ) צמוד לשני עצי חרוב  על השלו,,,failed
שלוחת איילה (דרום הכרמל),,,failed
שלוחת איילה ונחל שמרי,,,failed
שלוחת איילה כרם מהרל,,,failed
שלוחת אילה אזור כרם מהרל,,,failed
שלוחת נחל יגור,32.739689,35.075032,success
שלולית החורף בנתניה,31.701143,34.713847,success
שלולית החורף בנתניה (Shlulit Hahoref B'Netanya - Winter pond in Netanya),,,failed
שלולית החורף בנתניה (Winter pool in Netanya),,,failed
שלולית החורף בנתניה (Winter puddle in Netanya),,,failed
שלולית החורף בפארק דורה נתניה,,,failed
"שלולית החורף נתניה, נתניה",32.2915951,34.844488,success
"שלולית החורף נתניה, רחוב קרל פופר, נתניה",32.310694,34.862344,success
"שלולית החורף, נתניה",32.2915951,34.844488,success
שלולית החורף-פארק דורה,,,failed
שלושה קילומטרים מדרום לאשלים,,,failed
שמורות אודים ופולג,,,failed
"שמורות אלוני אבא וגוש אלונים, מצפון לכביש הגישה לבית לחם הגלילית",,,failed
שמורת  הטבע   רמת  הנדיב  ע''י  זכרון  יעקב,,,failed
שמורת  הטבע  רמת  הנדיב  ע''י  זכרון  יעקב,,,failed
"שמורת  הטבע  רמת  הנדיב, ע''י  זכרון  יעקב.",,,failed
שמורת  הטבע  רמת  הנדיב-זכרון  יעקב,,,failed
שמורת  הטבע  רמת  הנדיב. ע''י  זכרון  יעקב,,,failed
שמורת אודים - דרומית לפארק יקום,,,failed
שמורת אודים - מול מכון ווינגייט,,,failed
שמורת אודים - שביל שחור,,,failed
שמורת אודים דרומית לפארק יקום,,,failed
שמורת אודים וגם שמורת פולג,,,failed
"שמורת אודים, אודים",,,failed
שמורת אום זוקא,32.27158045,35.53422946307659,success
שמורת אחו בנימינה,,,failed
"שמורת אחו בנימינה, בנימינה גבעת עדה",,,failed
"שמורת אחו בנימינה, פרדס חנה כרכור",,,failed
"שמורת אחו נוב - אירוס הביצות, נוב",,,failed
"שמורת אילנות, קדימה צורן",,,failed
"שמורת אירוס ארגמן, נתניה",,,failed
שמורת אירוס הארגמן - גבעות בית עובד,,,failed
שמורת אירוס הארגמן בית חנן,,,failed
שמורת אירוס הארגמן בנתניה,,,failed
שמורת אירוס הארגמן נתניה,,,failed
"שמורת אירוס הביצה, מושב שדה אילן",,,failed
שמורת אירוס הביצות - אחו נוב,,,failed
שמורת אירוס הביצות -נוב,,,failed
שמורת אירוס הביצות חיספין,,,failed
שמורת אירוס הביצות נוב,,,failed
"שמורת אירוס הביצות, נוב",,,failed
שמורת אירוס הדור איילת השחר,,,failed
שמורת אירוס הדור מול תל חצור (איילת השחר),,,failed
שמורת אירוס הדור מעל נחל חצור,,,failed
שמורת אירוס ירוחם  (בין דימונה לירוחם),,,failed
"שמורת אירוס ירוחם, אירוס, ירוחם",,,failed
"שמורת אירוס ירוחם, ערוצי נחלים באזור הר הנגב",,,failed
"שמורת אירוס נצרתי, נוף הגליל",32.71289915,35.33969602939853,success
"שמורת אירוס נצרתי, נצרת עילית",32.71289915,35.33969602939853,success
שמורת איריס הארגמן נתניה,,,failed
שמורת איריס ירוחם,,,failed
שמורת אירס הדור איילת השחר,,,failed
שמורת אלונים בין חוצות אלונים לפנייה לקרית טבעון,,,failed
שמורת ארבל,33.268962,35.580905,success
"שמורת אשדות יגור, ממש בתוך קיבוץ יגור, נכנסים לכוון פתח נחל יגור",,,failed
שמורת בארי (מפעל הגופרית),,,failed
שמורת ביצות נוב דרום רמת הגולן,,,failed
שמורת ביתרונות בארי,,,failed
שמורת בריכת באב אל הווא (בראון),,,failed
"שמורת בריכת יער, חדרה",32.411240649999996,34.89894835003881,success
שמורת גבעות גברעם,31.5832,34.589072,success
שמורת גבעת גד,31.518188,34.88129,success
"שמורת גבעת המורה, עפולה",32.61574335,35.36144042474278,success
שמורת גברעם,31.5742812,34.60631692679224,success
"שמורת גדור, חדרה",32.424925900000005,34.874381747213015,success
"שמורת גוש אלונים, שמורת אלוני אבא - מצפון לכביש הגישה לבית לחם הגלילית",,,failed
שמורת גיבתון בסמוך למושב יציץ,,,failed
שמורת גמלא מסלול אדום,,,failed
שמורת געש,32.233597200000006,34.82699169703058,success
שמורת דור,32.625618599999996,34.92093528474915,success
שמורת האירובים,33.268962,35.580905,success
שמורת האירובים (Irobbim Reserve),,,failed
שמורת האירוס הנצרתי. סמוך לשער ד' של בית העלמין נוף הגליל,,,failed
שמורת האירוס ליד הית הקברות נוף הגליל,,,failed
שמורת האירוסים,32.2846485,34.84027330967959,success
שמורת האירוסים גבעת המורה,,,failed
שמורת האירוסים הסמוכה למכון וינגייט,,,failed
שמורת האירוסים ירוחם,32.283726,34.839232,success
"שמורת האירוסים, דרך השדות, ליד צאלים",,,failed
"שמורת האירוסים, נתניה",32.2846485,34.84027330967959,success
"שמורת האירוסים,קדימה",,,failed
שמורת האירוסיפ בנתניה,,,failed
"שמורת האלונים ,קדימה",,,failed
שמורת הארבעים,33.268962,35.580905,success
שמורת הגלבוע,32.51769585,35.409829334568315,success
"שמורת הדסים, אבן יהודה",32.283412299999995,34.87933497858808,success
שמורת החולה,33.07843255,35.59917453249184,success
"שמורת החולה, יסוד המעלה",33.07843255,35.59917453249184,success
שמורת החוף ראש הנקרה,,,failed
שמורת החלמוניות דרומית לאגם ירוחם,,,failed
שמורת החלמוניות ירוחם,,,failed
"שמורת הטבע  רמת  הנדיב  ,ע''י  זכרון  יעקב.",,,failed
שמורת הטבע אירוס הביצות - נוב,,,failed
שמורת הטבע גבעת המורה,,,failed
"שמורת הטבע עין אפק, קריית ביאליק",,,failed
שמורת הכרמל-מול אוניברסיטת חיפה,,,failed
שמורת המירון אזור חרבת שפנים (חרבת שופניין  ),,,failed
"שמורת המסרק, בית מאיר",31.7942231,35.04166071038583,success
שמורת הנרקיסים ביתן אהרון.,,,failed
"שמורת הנרקיסים, גלילות",,,failed
שמורת הסחלבים חורשת טל,,,failed
שמורת הסטף מסלול מקיף הר איתן המסומן אדום,,,failed
שמורת הציבעונים עי מחצבת כפר גילעדי,,,failed
שמורת הר גמל,32.91915725,35.223040261951326,success
שמורת הר הטיסים,31.7773326,35.10652272661355,success
שמורת הר נזר,33.172892149999996,35.54635311009153,success
שמורת הר תבור,32.6863237,35.39472153939873,success
שמורת הרקפות ליד קבוץ גלעד,,,failed
שמורת השיטה המלבינה - אשדוד,,,failed
"שמורת השרון, שפיים",,,failed
שמורת חוף השרון (כניסה מצומת ספרים בגעש),,,failed
שמורת חוף השרון ליד שפיים,,,failed
שמורת חוף השרון שפיים געש,,,failed
"שמורת חוף השרון, צפונית לארסוף",,,failed
שמורת חוץ אכזיב,,,failed
שמורת חלמוניות - רכס בוקר,30.918838,34.70664556489945,success
"שמורת חלמוניות - רכס ירוחם, ירוחם",,,failed
"שמורת חלמוניות ירוחם, ירוחם",30.9873582,34.882551185305005,success
שמורת חלמוניות רכס בוקר,30.918838,34.70664556489945,success
שמורת חלמוניות רכס בוקר- מפנה צפוני,,,failed
שמורת חרוצים,32.22110185,34.85727859864973,success
שמורת חרוצים בני מיון,,,failed
שמורת טבע אירוס הדור אילת השחר,,,failed
"שמורת טבע אלוני קדימה, דרך היער, קדימה צורן",,,failed
"שמורת טבע אלוני קדימה, קדימה צורן",32.287287,34.92101515573307,success
שמורת טבע ביתן אהרון,32.3676753,34.873920672704315,success
"שמורת טבע גבעות הכורכר נס ציונה, נס ציונה",,,failed
שמורת טבע גמלא,32.90038365,35.75117031221476,success
שמורת טבע ופארק רמת הנדיב,,,failed
"שמורת טבע חוף הבונים, הבונים",,,failed
"שמורת טבע חוף השרון, הרצליה",,,failed
"שמורת טבע חוף השרון, שפיים",,,failed
"שמורת טבע חורבת קרתא, עתלית",,,failed
שמורת טבע נחל חרמון,33.22553075,35.654679512260415,success
שמורת טבע נחל משגב,33.25263185,35.56188003483854,success
"שמורת טבע נחל עיון, מטולה",,,failed
שמורת טבע נחל תבור,32.6177889,35.493208106759724,success
"שמורת טבע נחל תנינים, ג'סר א זרקא",32.543548,34.915293,success
שמורת טבע עיינות צוקים - עין פשח'ה,,,failed
"שמורת טבע עין פרת, עלמון",,,failed
"שמורת טבע עץ השיזף, השריון, רעננה",,,failed
"שמורת טבע תל יצחק, מועצה אזורית חוף השרון",,,failed
"שמורת טוף כרם מהר""ל",,,failed
"שמורת יער אודם, מסעדה",,,failed
שמורת יער עין שריד,,,failed
שמורת יקום (שער פולג),,,failed
שמורת יקום האגם,,,failed
שמורת יקום/ האגם,,,failed
שמורת כרמיה,31.5937066,34.54074006882331,success
שמורת להב -צפון,31.395144950000002,34.86018076468868,success
שמורת להב צפון,31.395144950000002,34.86018076468868,success
שמורת מבוא אשדוד,31.723911,34.683356,success
שמורת ממשית,33.268962,35.580905,success
שמורת מערת פער - סאסא,,,failed
שמורת מערת פער גליל עליון,33.03140495,35.38572116937523,success
שמורת מערת פער-גליל עליון,33.03140495,35.38572116937523,success
שמורת נוב (ליד הכניסה לחספין),,,failed
שמורת נוב דרום הגולן,,,failed
שמורת נוב ליד כיספין,,,failed
"שמורת נחל דליה ויובליו, אזור זכרון יעקב",,,failed
שמורת נחל דליות רמת הגולן,,,failed
שמורת נחל דן,33.268962,35.580905,success
שמורת נחל המערות - כרמל,,,failed
שמורת נחל כזיב,33.043438949999995,35.200611469293804,success
"שמורת נחל כזיב שוקי, אלקוש",,,failed
שמורת נחל כזיב תחתון,,,failed
"שמורת נחל כלח, אזור מודיעין",,,failed
שמורת נחל מערות - הכרמל,,,failed
שמורת נחל מערות - כרמל,,,failed
שמורת נחל מערות- הכרמל,,,failed
שמורת נחל פולג - מול מכון וינגייט,,,failed
שמורת נחל קטלב בהרי ירושלים ליד בר-גיורא,,,failed
שמורת נחל שורק,32.289022,34.852391,success
"שמורת נחל שקמה, ע",,,failed
שמורת נין דרום הגולן,,,failed
שמורת נעל דשון,,,failed
שמורת נרקיסי נחל מסעד,30.98942,34.85696,success
שמורת עיון - בדרך הצפונית למפל התחנה.,,,failed
שמורת עיינות גיבתון,,,failed
שמורת עיינות פצאל,32.051031,35.404515,success
שמורת עין אפק,32.8456606,35.11246226919816,success
"שמורת עין אפק, אפק",,,failed
שמורת עין שריד,32.273107,34.936493,success
שמורת עינות חצור,,,failed
שמורת פולג נתניה,32.26521525,34.835123212048224,success
שמורת פורה ליד בית קמה,,,failed
שמורת פורה ליד בית-קמה,,,failed
שמורת רכס גברעם,31.5832,34.589072,success
שמורת שער פולג ( יקום),,,failed
שמורת שער פולג (אגם יקום),,,failed
"שמורת שער פולג , יקום.",,,failed
שמורת שער פולג - אגם יקום,,,failed
שמורת שער פולג ושמורת אודים,,,failed
"שמורת שער פולג, ליד קיבוץ יקום",,,failed
"שמורת תורמוס ההרים, נעורה, עפולה",,,failed
שמות פורה ליד בית-קמה,,,failed
"שמשית, חורשת אורנים וברושים לכיוון עילוט",,,failed
שני צידי כביש 1 מלטרון ועד שורש,,,failed
"שער הגיא החאן (באב אל וואד), חאן, שער הגיא, אשתאול",,,failed
"שפע של נוריות אסיה, בשביל הכחול מחניון הפיתולי  להר הלל.",,,failed
שרון חדרה קיסריה,32.43645,34.91956,success
שרון קיסריה חדרה,32.51888,34.90459,success
תחנת הדלק בצומת מחניים,,,failed
"תחנת חדרה מערב, דרך הרכבת, חדרה",,,failed
"תיכון כרמים בנימינה, בנימינה גבעת עדה",,,failed
תיכון כרמים ליד בנימינה,,,failed
תיער נחשונים,32.060155,34.948904,success
תל אביב,32.0852997,34.7818064,success
"תל אביב , השביל הסלול המוביל מהנמל לחוף הצוק",,,failed
תל אביב בריכת חורף מכללת לוינסקי,,,failed
תל אבל בית מעכה (כפר יובל),,,failed
תל אנפה  קרוב מאד לקיבוץ שמיר,,,failed
תל אנפה (Tel Anafa),33.177094600000004,35.64464306797008,success
תל אנפה - גבעת הנרקיסים,,,failed
תל אפק,32.1051135,34.929965301668844,success
"תל בית שמש, בית שמש",31.75063325,34.97492013767918,success
תל גזר,31.8597202,34.9224968,success
תל גמה,31.3872195,34.4447229,success
"תל גריסה גבעת נפוליאון, תל אביב",,,failed
"תל גריסה גבעת נפוליאון, תל אביב-יפו",32.091680800000006,34.80790422766508,success
"תל גריסה, תל אביב יפו",32.091680800000006,34.80790422766508,success
"תל חדיד, בן שמן",,,failed
תל חומרה,31.935142,34.74308,success
תל חומרה ליד איקאה ראשון,,,failed
תל חזיקה,32.072773,34.804786,success
תל חזיקה  -רכס בשנית,,,failed
תל חזקה,32.072773,34.804786,success
תל חזקה (Tel Hazeka),,,failed
תל חזקה מעל אלוני הבשן,,,failed
תל יודפת הר עצמון ונחל אבליים,,,failed
תל יודפת והר עצמון,,,failed
תל יצחק דרום,31.70137445,34.85015389708191,success
תל יקנעם,32.6645774,35.108916152714265,success
תל כסלון,31.773745,35.049282,success
תל כסלון בדרך לעין כסלון,,,failed
תל מיכל,32.1595828,34.7971931,success
תל מלוט (שמורת עינות גבתןן),,,failed
תל מע'רת עיזה,,,failed
תל מראשה,31.5926495,34.8981438,success
תל נילי,32.0255013,34.7830006,success
תל ניצנה - סמוך לחורבת העמודים,,,failed
"תל ערד, ערד",31.2799119,35.1255017,success
תל צפית,31.7019809,34.8474001,success
"תל קטרה, גדרה",31.8232888,34.778007,success
תל קצעה,32.06291545,34.769507231442134,success
"תל קצעה, בוקעאתא",,,failed
תל קריות,31.33452765,35.10846862523407,success
תל שוכה (מערבית לעמק האלה),,,failed
תל שוכה - גבעת התורמוסים,,,failed
"תל שוכה מול קיבוץ נתיב הל""ה",,,failed
תל שוכה מול קיבוץ נתיב הלה,,,failed
תל שוכה מעל עמק האלה,,,failed
תל שוכה עמק האלה,32.497337,35.458722,success
תל שוכה עמק האלה מול קיבוץ הל,,,failed
"תל שוכה, גבעת התורמוסים",,,failed
"תל שוכה, עמק האלה",,,failed
תל שלף,31.8926369,34.7687727,success
תל שקמונה,32.819036,34.955344,success
תל-אביב אפקה.,32.1224552,34.8068643,success
תלם,31.5634575,35.0310066,success
"תמר 5, בת חן, ישראל",32.359553,34.8748108,success
תעלה 40 דרומית מזרחית לעין המפרץ; הצומח עבר כיסוח,,,failed
"תצפית הפילבוקס, מצודת ישע",,,failed
תקוע ב׳ שביל האירוסים,32.505864,35.411443,success
תרונות רוחמה,31.498044,34.704736,success
